ncbi_id,gene_name,gene_id
BAA16580.1,slr0612,slr0612
BAA16581.1,slr0613,slr0613
BAA16582.1,sll0558,sll0558
BAA16583.1,sll1214,sll1214
BAA16584.1,sll1213,sll1213
BAA16585.1,rfbD,sll1212
BAA16586.1,psbA2,slr1311
BAA16587.1,speA,slr1312
BAA16588.1,lig,sll1209
BAA16589.1,slr1315,slr1315
BAA16590.1,fecC,slr1316
BAA16591.1,fecD,slr1317
BAA16592.1,fecE,slr1318
BAA16593.1,fecB,slr1319
BAA16594.1,iutA,sll1206
BAA16595.1,pchR,sll1205
BAA16596.1,sll1204,sll1204
BAA16597.1,sll1203,sll1203
BAA16598.1,sll1202,sll1202
BAA16599.1,fhuA,sll1409
BAA16600.1,pcrR,sll1408
BAA16601.1,sll1407,sll1407
BAA16602.1,fhuA,sll1406
BAA16603.1,sll1405,sll1405
BAA16604.1,exbB,sll1404
BAA16605.1,slr1484,slr1484
BAA16606.1,slr1485,slr1485
BAA16607.1,slr1488,slr1488
BAA16608.1,pchR,slr1489
BAA16609.1,fhuA,slr1490
BAA16610.1,fecB,slr1491
BAA16611.1,fecB,slr1492
BAA16612.1,slr1493,slr1493
BAA16613.1,slr1494,slr1494
BAA16614.1,sll1401,sll1401
BAA16615.1,sll1400,sll1400
BAA16616.1,ssl2733,ssl2733
BAA16617.1,sll1399,sll1399
BAA16618.1,psb13,sll1398
BAA16619.1,slr1495,slr1495
BAA16620.1,sll1397,sll1397
BAA16621.1,sll1396,sll1396
BAA16622.1,hypD,slr1498
BAA16623.1,rfbD,sll1395
BAA16624.1,msrA,sll1394
BAA16625.1,glgA,sll1393
BAA16626.1,sll1392,sll1392
BAA16627.1,slr1501,slr1501
BAA16628.1,slr1113,slr1113
BAA16629.1,slr1114,slr1114
BAA16630.1,slr1115,slr1115
BAA16631.1,slr1116,slr1116
BAA16632.1,slr1117,slr1117
BAA16633.1,sll1064,sll1064
BAA16634.1,rffM,slr1118
BAA16635.1,sll1063,sll1063
BAA16636.1,slr1119,slr1119
BAA16637.1,sll1062,sll1062
BAA16638.1,sll1061,sll1061
BAA16639.1,sll1060,sll1060
BAA16640.1,ssl2069,ssl2069
BAA16641.1,ssr1853,ssr1853
BAA16642.1,hofD,slr1120
BAA16643.1,adk2,sll1059
BAA16644.1,dapB,sll1058
BAA16645.1,trx,sll1057
BAA16646.1,purL,sll1056
BAA16647.1,slr1122,slr1122
BAA16648.1,sll1054,sll1054
BAA16649.1,sll1053,sll1053
BAA16650.1,gmk,slr1123
BAA16651.1,gpmB,slr1124
BAA16652.1,crtX,slr1125
BAA16653.1,sll1052,sll1052
BAA16654.1,cpcF,sll1051
BAA16655.1,sll1049,sll1049
BAA16656.1,slr1127,slr1127
BAA16657.1,slr1128,slr1128
BAA16658.1,rne,slr1129
BAA16659.1,rhnB,slr1130
BAA16660.1,mutT,sll1045
BAA16661.1,pnp,sll1043
BAA16662.1,lepB,sll0716
BAA16663.1,me,slr0721
BAA16664.1,cysM,sll0712
BAA16665.1,sll0711,sll0711
BAA16666.1,sll0710,sll0710
BAA16667.1,llaI.2,sll0709
BAA16668.1,ksgA,sll0708
BAA16669.1,slr0722,slr0722
BAA16670.1,slr0723,slr0723
BAA16671.1,sohA,slr0724
BAA16672.1,slr0725,slr0725
BAA16673.1,slr0727,slr0727
BAA16674.1,slr0728,slr0728
BAA16675.1,slr0729,slr0729
BAA16676.1,slr0730,slr0730
BAA16677.1,slr0731,slr0731
BAA16678.1,nifS,sll0704
BAA16679.1,slr0732,slr0732
BAA16680.1,sll0703,sll0703
BAA16681.1,sll0702,sll0702
BAA16682.1,xerC,slr0733
BAA16683.1,ssl1326,ssl1326
BAA16684.1,slr0734,slr0734
BAA16685.1,sll0700,sll0700
BAA16686.1,sll0699,sll0699
BAA16687.1,dfr,sll0698
BAA16688.1,psaD,slr0737
BAA16689.1,trpE,slr0738
BAA16690.1,crtE,slr0739
BAA16691.1,slr0740,slr0740
BAA16692.1,sll0696,sll0696
BAA16693.1,phoU,slr0741
BAA16694.1,slr0742,slr0742
BAA16695.1,nusA,slr0743
BAA16696.1,infB,slr0744
BAA16697.1,slr0236,slr0236
BAA16698.1,glgX,slr0237
BAA16699.1,slr0238,slr0238
BAA16700.1,ssl0426,ssl0426
BAA16701.1,cbiF,slr0239
BAA16702.1,slr0240,slr0240
BAA16703.1,slr0241,slr0241
BAA16704.1,bcp,slr0242
BAA16705.1,slr0243,slr0243
BAA16706.1,sll0230,sll0230
BAA16707.1,slr0244,slr0244
BAA16708.1,psbM,sml0003
BAA16709.1,slr0245,slr0245
BAA16710.1,sll0228,sll0228
BAA16711.1,ppiB,sll0227
BAA16712.1,ycf4,sll0226
BAA16713.1,sll0225,sll0225
BAA16714.1,sll0224,sll0224
BAA16715.1,slr0249,slr0249
BAA16716.1,slr0250,slr0250
BAA16717.1,slr0251,slr0251
BAA16718.1,slr0252,slr0252
BAA16719.1,psaK,ssr0390
BAA16720.1,ssl0410,ssl0410
BAA16721.1,ndhB,sll0223
BAA16722.1,phoA,sll0222
BAA16723.1,sgl0002,sgl0002
BAA16724.1,ycf6,sml0004
BAA16725.1,slr0254,slr0254
BAA16726.1,bcp,sll0221
BAA16727.1,glmS,sll0220
BAA16728.1,sll0219,sll0219
BAA16729.1,sll0218,sll0218
BAA16730.1,sll0217,sll0217
BAA16731.1,ctpB,slr0257
BAA16732.1,sll0216,sll0216
BAA16733.1,slr1411,slr1411
BAA16734.1,atpC,sll1327
BAA16735.1,atpA,sll1326
BAA16736.1,atpD,sll1325
BAA16737.1,atpF,sll1324
BAA16738.1,atpG,sll1323
BAA16739.1,atpH,ssl2615
BAA16740.1,atpI,sll1322
BAA16741.1,atp1,sll1321
BAA16742.1,slr1413,slr1413
BAA16743.1,slr1414,slr1414
BAA16744.1,slr1415,slr1415
BAA16745.1,morR,slr1416
BAA16746.1,slr1417,slr1417
BAA16747.1,sll1319,sll1319
BAA16748.1,sll1318,sll1318
BAA16749.1,sll1041,sll1041
BAA16750.1,sll1040,sll1040
BAA16751.1,folK,slr1093
BAA16752.1,slr1094,slr1094
BAA16753.1,sll1039,sll1039
BAA16754.1,slr1095,slr1095
BAA16755.1,phdD,slr1096
BAA16756.1,slr1097,slr1097
BAA16757.1,slr1098,slr1098
BAA16758.1,ubiX,slr1099
BAA16759.1,slr1100,slr1100
BAA16760.1,slr1101,slr1101
BAA16761.1,slr1102,slr1102
BAA16762.1,slr1103,slr1103
BAA16763.1,slr1104,slr1104
BAA16764.1,fus,slr1105
BAA16765.1,sll1037,sll1037
BAA16766.1,sll1036,sll1036
BAA16767.1,ssl2009,ssl2009
BAA16768.1,upp,sll1035
BAA16769.1,phb,slr1106
BAA16770.1,slr1107,slr1107
BAA16771.1,sll1033,sll1033
BAA16772.1,ccmN,sll1032
BAA16773.1,ccmM,sll1031
BAA16774.1,ccmL,sll1030
BAA16775.1,ccmK,sll1029
BAA16776.1,ccmK,sll1028
BAA16777.1,gltD,sll1027
BAA16778.1,ank,slr1109
BAA16779.1,slr1110,slr1110
BAA16780.1,slr1772,slr1772
BAA16781.1,sll1686,sll1686
BAA16782.1,ssr2972,ssr2972
BAA16783.1,slr1773,slr1773
BAA16784.1,slr1774,slr1774
BAA16785.1,slr1776,slr1776
BAA16786.1,ycf10,sll1685
BAA16787.1,chlD,slr1777
BAA16788.1,slr1778,slr1778
BAA16789.1,cad,sll1683
BAA16790.1,sll1682,sll1682
BAA16791.1,pdxJ,slr1779
BAA16792.1,slr1780,slr1780
BAA16793.1,sll1681,sll1681
BAA16794.1,sll1680,sll1680
BAA16795.1,hhoA,sll1679
BAA16796.1,slr1783,slr1783
BAA16797.1,bvdR,slr1784
BAA16798.1,sll1678,sll1678
BAA16799.1,sll1677,sll1677
BAA16800.1,malQ,sll1676
BAA16801.1,sll1675,sll1675
BAA16802.1,slr1787,slr1787
BAA16803.1,slr1788,slr1788
BAA16804.1,slr1789,slr1789
BAA16805.1,sll1673,sll1673
BAA16806.1,sll1672,sll1672
BAA16807.1,sll1671,sll1671
BAA16808.1,slr1790,slr1790
BAA16809.1,cysH,slr1791
BAA16810.1,hrcA,sll1670
BAA16811.1,aroK,sll1669
BAA16812.1,talB,slr1793
BAA16813.1,ssr2998,ssr2998
BAA16814.1,slr1794,slr1794
BAA16815.1,msrA,slr1795
BAA16816.1,ssr3000,ssr3000
BAA16817.1,mom72,sll1667
BAA16818.1,dnaJ,sll1666
BAA16819.1,slr1796,slr1796
BAA16820.1,sll1665,sll1665
BAA16821.1,sll1664,sll1664
BAA16822.1,sll1663,sll1663
BAA16823.1,pheA,sll1662
BAA16824.1,pleD,slr1798
BAA16825.1,sll1660,sll1660
BAA16826.1,sll1659,sll1659
BAA16827.1,sll1658,sll1658
BAA16828.1,slr1799,slr1799
BAA16829.1,slr1800,slr1800
BAA16830.1,sll1656,sll1656
BAA16831.1,birA,sll1655
BAA16832.1,sll1654,sll1654
BAA16833.1,gerCb,sll1653
BAA16834.1,sll1652,sll1652
BAA16835.1,icd,slr1289
BAA16836.1,slr1290,slr1290
BAA16837.1,sll1201,sll1201
BAA16838.1,ndhD2,slr1291
BAA16839.1,sll1200,sll1200
BAA16840.1,slr1293,slr1293
BAA16841.1,ycf19,ssr2142
BAA16842.1,sufA,slr1295
BAA16843.1,trmD,sll1198
BAA16844.1,ssl2384,ssl2384
BAA16845.1,pfkA,sll1196
BAA16846.1,slr1298,slr1298
BAA16847.1,psbU,sll1194
BAA16848.1,sll1193,sll1193
BAA16849.1,slr1299,slr1299
BAA16850.1,ubiH,slr1300
BAA16851.1,sll1192,sll1192
BAA16852.1,sll1191,sll1191
BAA16853.1,ssr2153,ssr2153
BAA16854.1,slr1301,slr1301
BAA16855.1,slr1302,slr1302
BAA16856.1,slr1303,slr1303
BAA16857.1,glcE,sll1189
BAA16858.1,slr1305,slr1305
BAA16859.1,slr1306,slr1306
BAA16860.1,sll1188,sll1188
BAA16861.1,lgt,sll1187
BAA16862.1,sll1186,sll1186
BAA16863.1,hemF,sll1185
BAA16864.1,ho1,sll1184
BAA16865.1,slr1307,slr1307
BAA16866.1,rpl28,ssr1604
BAA16867.1,slr0962,slr0962
BAA16868.1,sll0943,sll0943
BAA16869.1,sir,slr0963
BAA16870.1,slr0964,slr0964
BAA16871.1,dnaN,slr0965
BAA16872.1,trpA,slr0966
BAA16873.1,slr0967,slr0967
BAA16874.1,sll0939,sll0939
BAA16875.1,sll0938,sll0938
BAA16876.1,ssl1792,ssl1792
BAA16877.1,sll0936,sll0936
BAA16878.1,cbiH,slr0969
BAA16879.1,slr0971,slr0971
BAA16880.1,ccmA,sll0934
BAA16881.1,sll0933,sll0933
BAA16882.1,rps15,ssl1784
BAA16883.1,sll0932,sll0932
BAA16884.1,sll0931,sll0931
BAA16885.1,sll0930,sll0930
BAA16886.1,apcD,sll0928
BAA16887.1,metX,sll0927
BAA16888.1,sll0926,sll0926
BAA16889.1,sll0925,sll0925
BAA16890.1,infC,slr0974
BAA16891.1,slr0975,slr0975
BAA16892.1,sll0924,sll0924
BAA16893.1,epsB,sll0923
BAA16894.1,sll0922,sll0922
BAA16895.1,slr0976,slr0976
BAA16896.1,slr0977,slr0977
BAA16897.1,slr0978,slr0978
BAA16898.1,slr0980,slr0980
BAA16899.1,slr0981,slr0981
BAA16900.1,rfbB,slr0982
BAA16901.1,rfbF,slr0983
BAA16902.1,rfbG,slr0984
BAA16903.1,rfbC,slr0985
BAA16904.1,slr1610,slr1610
BAA16905.1,slr1611,slr1611
BAA16906.1,slr1612,slr1612
BAA16907.1,slr1613,slr1613
BAA16908.1,slr1614,slr1614
BAA16909.1,rfbE,slr1615
BAA16910.1,slr1616,slr1616
BAA16911.1,slr1617,slr1617
BAA16912.1,slr1618,slr1618
BAA16913.1,slr1619,slr1619
BAA16914.1,slr1062,slr1062
BAA16915.1,slr1063,slr1063
BAA16916.1,rfbU,slr1064
BAA16917.1,slr1065,slr1065
BAA16918.1,slr1066,slr1066
BAA16919.1,galE,slr1067
BAA16920.1,slr1068,slr1068
BAA16921.1,slr1069,slr1069
BAA16922.1,slr1070,slr1070
BAA16923.1,slr1071,slr1071
BAA16924.1,yefA,slr1072
BAA16925.1,slr1073,slr1073
BAA16926.1,slr1074,slr1074
BAA16927.1,slr1075,slr1075
BAA16928.1,slr1076,slr1076
BAA16929.1,slr1077,slr1077
BAA16930.1,ssr1765,ssr1765
BAA16931.1,ssr1766,ssr1766
BAA16932.1,galE,slr1078
BAA16933.1,slr1079,slr1079
BAA16934.1,ssr1768,ssr1768
BAA16935.1,slr1081,slr1081
BAA16936.1,slr1082,slr1082
BAA16937.1,slr1083,slr1083
BAA16938.1,slr1084,slr1084
BAA16939.1,slr1085,slr1085
BAA16940.1,slr1087,slr1087
BAA16941.1,sll1025,sll1025
BAA16942.1,ssl1972,ssl1972
BAA16943.1,sll1024,sll1024
BAA16944.1,sucC,sll1023
BAA16945.1,sll1022,sll1022
BAA16946.1,sll1021,sll1021
BAA16947.1,sll1020,sll1020
BAA16948.1,slr1090,slr1090
BAA16949.1,hliA,ssr1789
BAA16950.1,HAGH1,sll1019
BAA16951.1,pyrC-pr,sll1018
BAA16952.1,amt2,sll1017
BAA16953.1,slr1400,slr1400
BAA16954.1,slr0670,slr0670
BAA16955.1,nucH,sll0656
BAA16956.1,sll0654,sll0654
BAA16957.1,cysC,slr0676
BAA16958.1,exbB,slr0677
BAA16959.1,slr0678,slr0678
BAA16960.1,fmu/fmv,slr0679
BAA16961.1,slr0680,slr0680
BAA16962.1,slr0681,slr0681
BAA16963.1,hisD,slr0682
BAA16964.1,sll0651,sll0651
BAA16965.1,sll0650,sll0650
BAA16966.1,sll0649,sll0649
BAA16967.1,lim,sll0648
BAA16968.1,sll0647,sll0647
BAA16969.1,cyaA,sll0646
BAA16970.1,sll0645,sll0645
BAA16971.1,sll0644,sll0644
BAA16972.1,slr0686,slr0686
BAA16973.1,ureG,sll0643
BAA16974.1,pleD,slr0687
BAA16975.1,sll0641,sll0641
BAA16976.1,Sac1,sll0640
BAA16977.1,slr0688,slr0688
BAA16978.1,ssr1155,ssr1155
BAA16979.1,slr0689,slr0689
BAA16980.1,sll0639,sll0639
BAA16981.1,sll0638,sll0638
BAA16982.1,ycf45,slr0692
BAA16983.1,thiE,sll0635
BAA16984.1,btpA,sll0634
BAA16985.1,slr0695,slr0695
BAA16986.1,slr1590,slr1590
BAA16987.1,slr1591,slr1591
BAA16988.1,slr1592,slr1592
BAA16989.1,slr1593,slr1593
BAA16990.1,slr1594,slr1594
BAA16991.1,slr1595,slr1595
BAA16992.1,sll1516,sll1516
BAA16993.1,pxcA,slr1596
BAA16994.1,sll1515,sll1515
BAA16995.1,slr1597,slr1597
BAA16996.1,hsp17,sll1514
BAA16997.1,ccsA,sll1513
BAA16998.1,sll1512,sll1512
BAA16999.1,lipA,slr1598
BAA17000.1,sll1511,sll1511
BAA17001.1,sll1510,sll1510
BAA17002.1,ycf20,sll1509
BAA17003.1,slr1599,slr1599
BAA17004.1,slr1600,slr1600
BAA17005.1,psaM,smr0005
BAA17006.1,slr1601,slr1601
BAA17007.1,lpxC,sll1508
BAA17008.1,sll1507,sll1507
BAA17009.1,slr1603,slr1603
BAA17010.1,ftsH3,slr1604
BAA17011.1,ssr2699,ssr2699
BAA17012.1,vapC,ssl2923
BAA17013.1,vapB,ssl2922
BAA17014.1,ssl2920,ssl2920
BAA17015.1,sll1505,sll1505
BAA17016.1,sll1504,sll1504
BAA17017.1,sll1503,sll1503
BAA17018.1,gltB,sll1502
BAA17019.1,ssr2708,ssr2708
BAA17020.1,ssr2711,ssr2711
BAA17021.1,gdhB,slr1608
BAA17022.1,cbiA,sll1501
BAA17023.1,sll1500,sll1500
BAA17024.1,slr1609,slr1609
BAA17025.1,slr1041,slr1041
BAA17026.1,slr1042,slr1042
BAA17027.1,slr1043,slr1043
BAA17028.1,mcpA,slr1044
BAA17029.1,slr1045,slr1045
BAA17030.1,slr1046,slr1046
BAA17031.1,pleD,slr1047
BAA17032.1,slr1048,slr1048
BAA17033.1,sll1011,sll1011
BAA17034.1,rps32,ssr1736
BAA17035.1,slr1050,slr1050
BAA17036.1,envM,slr1051
BAA17037.1,slr1052,slr1052
BAA17038.1,slr1053,slr1053
BAA17039.1,frpC,sll1009
BAA17040.1,chlH,slr1055
BAA17041.1,slr1056,slr1056
BAA17042.1,sll1006,sll1006
BAA17043.1,sll1005,sll1005
BAA17044.1,sll1004,sll1004
BAA17045.1,sll1003,sll1003
BAA17046.1,ssl1923,ssl1923
BAA17047.1,ssl1922,ssl1922
BAA17048.1,ssl1920,ssl1920
BAA17049.1,ycf22,sll1002
BAA17050.1,sll1001,sll1001
BAA17051.1,ssl1918,ssl1918
BAA17052.1,slr1753,slr1753
BAA17053.1,gpsA,slr1755
BAA17054.1,sll1647,sll1647
BAA17055.1,glnA,slr1756
BAA17056.1,slr1759,slr1759
BAA17057.1,slr1760,slr1760
BAA17058.1,ytfC,slr1761
BAA17059.1,sll1643,sll1643
BAA17060.1,slr1762,slr1762
BAA17061.1,slr1763,slr1763
BAA17062.1,sll1642,sll1642
BAA17063.1,capA,slr1764
BAA17064.1,gad,sll1641
BAA17065.1,ssr2962,ssr2962
BAA17066.1,slr1767,slr1767
BAA17067.1,sll1640,sll1640
BAA17068.1,ureD,sll1639
BAA17069.1,sll1638,sll1638
BAA17070.1,slr1768,slr1768
BAA17071.1,fbp,sll1636
BAA17072.1,slr1770,slr1770
BAA17073.1,slr1771,slr1771
BAA17074.1,sll1635,sll1635
BAA17075.1,psbK,sml0005
BAA17076.1,sll1752,sll1752
BAA17077.1,ssr3122,ssr3122
BAA17078.1,slr1846,slr1846
BAA17079.1,slr1847,slr1847
BAA17080.1,hisD,slr1848
BAA17081.1,merA,slr1849
BAA17082.1,sll1751,sll1751
BAA17083.1,ureC,sll1750
BAA17084.1,sll1749,sll1749
BAA17085.1,slr1851,slr1851
BAA17086.1,ssr3129,ssr3129
BAA17087.1,sll1946,sll1946
BAA17088.1,ycf23,slr2032
BAA17089.1,sll1945,sll1945
BAA17090.1,rub,slr2033
BAA17091.1,slr2034,slr2034
BAA17092.1,psbE,ssr3451
BAA17093.1,psbF,smr0006
BAA17094.1,psbL,smr0007
BAA17095.1,psbJ,smr0008
BAA17096.1,proB,slr2035
BAA17097.1,ssr3452,ssr3452
BAA17098.1,slr2036,slr2036
BAA17099.1,slr2037,slr2037
BAA17100.1,slr2038,slr2038
BAA17101.1,sll1942,sll1942
BAA17102.1,parC,sll1941
BAA17103.1,divK,slr2041
BAA17104.1,slr2042,slr2042
BAA17105.1,sll1940,sll1940
BAA17106.1,sll1939,sll1939
BAA17107.1,ssr3465,ssr3465
BAA17108.1,sll1938,sll1938
BAA17109.1,fur,sll1937
BAA17110.1,zntC,slr2043
BAA17111.1,slr2044,slr2044
BAA17112.1,slr2045,slr2045
BAA17113.1,ssr3467,ssr3467
BAA17114.1,slr2046,slr2046
BAA17115.1,phoH,slr2047
BAA17116.1,slr2048,slr2048
BAA17117.1,slr2049,slr2049
BAA17118.1,cpcG,slr2051
BAA17119.1,slr2052,slr2052
BAA17120.1,sll1934,sll1934
BAA17121.1,slr2053,slr2053
BAA17122.1,dnaJ2,sll1933
BAA17123.1,dnaK3,sll1932
BAA17124.1,gylA,sll1931
BAA17125.1,sll1930,sll1930
BAA17126.1,comEc,sll1929
BAA17127.1,slr1906,slr1906
BAA17128.1,slr1907,slr1907
BAA17129.1,slr1908,slr1908
BAA17130.1,slr1909,slr1909
BAA17131.1,amiA,slr1910
BAA17132.1,slr1911,slr1911
BAA17133.1,sll1837,sll1837
BAA17134.1,slr1912,slr1912
BAA17135.1,slr1913,slr1913
BAA17136.1,slr1914,slr1914
BAA17137.1,sll1835,sll1835
BAA17138.1,sll1834,sll1834
BAA17139.1,slr1915,slr1915
BAA17140.1,slr1916,slr1916
BAA17141.1,slr1917,slr1917
BAA17142.1,slr1918,slr1918
BAA17143.1,ftsI,sll1833
BAA17144.1,sll1832,sll1832
BAA17145.1,glcF,sll1831
BAA17146.1,sll1830,sll1830
BAA17147.1,slr1919,slr1919
BAA17148.1,slr1920,slr1920
BAA17149.1,sll0998,sll0998
BAA17150.1,ssl1911,ssl1911
BAA17151.1,slr1019,slr1019
BAA17152.1,sll0997,sll0997
BAA17153.1,sll0996,sll0996
BAA17154.1,sqdB,slr1020
BAA17155.1,ssr1698,ssr1698
BAA17156.1,sll0995,sll0995
BAA17157.1,sll0994,sll0994
BAA17158.1,sll0993,sll0993
BAA17159.1,argD,slr1022
BAA17160.1,slr1023,slr1023
BAA17161.1,slr1024,slr1024
BAA17162.1,slr1025,slr1025
BAA17163.1,sll0992,sll0992
BAA17164.1,sll0990,sll0990
BAA17165.1,slr1028,slr1028
BAA17166.1,chlI,slr1030
BAA17167.1,tyrS,slr1031
BAA17168.1,slr1032,slr1032
BAA17169.1,slr1033,slr1033
BAA17170.1,tyrS,ssr1720
BAA17171.1,slr1034,slr1034
BAA17172.1,slr1035,slr1035
BAA17173.1,sll0986,sll0986
BAA17174.1,sll0985,sll0985
BAA17175.1,sll0984,sll0984
BAA17176.1,slr1037,slr1037
BAA17177.1,sll0983,sll0983
BAA17178.1,sll0982,sll0982
BAA17179.1,sll0981,sll0981
BAA17180.1,sll0980,sll0980
BAA17181.1,slr1039,slr1039
BAA17182.1,slr1376,slr1376
BAA17183.1,lepB,slr1377
BAA17184.1,slr1378,slr1378
BAA17185.1,cydA,slr1379
BAA17186.1,cydB,slr1380
BAA17187.1,sll1300,sll1300
BAA17188.1,ackA,sll1299
BAA17189.1,clcD,sll1298
BAA17190.1,ssr2315,ssr2315
BAA17191.1,slr1383,slr1383
BAA17192.1,ssr2317,ssr2317
BAA17193.1,slr1384,slr1384
BAA17194.1,slr1385,slr1385
BAA17195.1,ssr2318,ssr2318
BAA17196.1,pobA,sll1297
BAA17197.1,ssl2559,ssl2559
BAA17198.1,sll1296,sll1296
BAA17199.1,pilJ,sll1294
BAA17200.1,sll1293,sll1293
BAA17201.1,sll1292,sll1292
BAA17202.1,sll1291,sll1291
BAA17203.1,rnb,sll1290
BAA17204.1,sll1289,sll1289
BAA17205.1,ftsH1,slr1390
BAA17206.1,slr1391,slr1391
BAA17207.1,ssr2333,ssr2333
BAA17208.1,feoB,slr1392
BAA17209.1,hliA,ssl2542
BAA17210.1,slr1393,slr1393
BAA17211.1,slr1394,slr1394
BAA17212.1,sll1286,sll1286
BAA17213.1,slr1395,slr1395
BAA17214.1,slr1396,slr1396
BAA17215.1,slr1397,slr1397
BAA17216.1,slr1398,slr1398
BAA17217.1,sll1285,sll1285
BAA17218.1,sll1284,sll1284
BAA17219.1,spoIID,sll1283
BAA17220.1,slr1699,slr1699
BAA17221.1,sll1584,sll1584
BAA17222.1,lig,sll1583
BAA17223.1,sll1582,sll1582
BAA17224.1,gumB,sll1581
BAA17225.1,ssr2843,ssr2843
BAA17226.1,slr1702,slr1702
BAA17227.1,serS,slr1703
BAA17228.1,cpcD,ssl3093
BAA17229.1,cpcC,sll1580
BAA17230.1,cpcC,sll1579
BAA17231.1,cpcA,sll1578
BAA17232.1,cpcB,sll1577
BAA17233.1,ssr2848,ssr2848
BAA17234.1,slr1704,slr1704
BAA17235.1,sll1575,sll1575
BAA17236.1,sll1574,sll1574
BAA17237.1,sll1573,sll1573
BAA17238.1,aspA,slr1705
BAA17239.1,dfrA,slr1706
BAA17240.1,ssr2857,ssr2857
BAA17241.1,slr1708,slr1708
BAA17242.1,DnaE-c,sll1572
BAA17243.1,sll1571,sll1571
BAA17244.1,sll1570,sll1570
BAA17245.1,mrcB,slr1710
BAA17246.1,sll1568,sll1568
BAA17247.1,sll1927,sll1927
BAA17248.1,sll1926,sll1926
BAA17249.1,slr2005,slr2005
BAA17250.1,sll1925,sll1925
BAA17251.1,slr2006,slr2006
BAA17252.1,ndhD5,slr2007
BAA17253.1,slr2008,slr2008
BAA17254.1,ndhD6,slr2009
BAA17255.1,slr2010,slr2010
BAA17256.1,ssr3409,ssr3409
BAA17257.1,ssr3410,ssr3410
BAA17258.1,slr2011,slr2011
BAA17259.1,slr2012,slr2012
BAA17260.1,slr2013,slr2013
BAA17261.1,sll1924,sll1924
BAA17262.1,slr2015,slr2015
BAA17263.1,slr2016,slr2016
BAA17264.1,slr2017,slr2017
BAA17265.1,slr2018,slr2018
BAA17266.1,slr2019,slr2019
BAA17267.1,sll1921,sll1921
BAA17268.1,sll1920,sll1920
BAA17269.1,fabD,slr2023
BAA17270.1,slr2024,slr2024
BAA17271.1,slr2025,slr2025
BAA17272.1,hemN,sll1917
BAA17273.1,sll1916,sll1916
BAA17274.1,sll1915,sll1915
BAA17275.1,folP,slr2026
BAA17276.1,slr2027,slr2027
BAA17277.1,sll1913,sll1913
BAA17278.1,sll1912,sll1912
BAA17279.1,ssl3615,ssl3615
BAA17280.1,sll1911,sll1911
BAA17281.1,zam,sll1910
BAA17282.1,slr2030,slr2030
BAA17283.1,slr2031,slr2031
BAA17284.1,argH,slr1133
BAA17285.1,slr1134,slr1134
BAA17286.1,slr1135,slr1135
BAA17287.1,sll1084,sll1084
BAA17288.1,ctaC,slr1136
BAA17289.1,ctaD,slr1137
BAA17290.1,ctaE,slr1138
BAA17291.1,trxA,slr1139
BAA17292.1,slr1140,slr1140
BAA17293.1,nrtD,sll1082
BAA17294.1,sll1081,sll1081
BAA17295.1,sll1080,sll1080
BAA17296.1,hypB,sll1079
BAA17297.1,sll1078,sll1078
BAA17298.1,speB,sll1077
BAA17299.1,slr1142,slr1142
BAA17300.1,slr1143,slr1143
BAA17301.1,ziaA,sll1076
BAA17302.1,leuS,sll1074
BAA17303.1,gltS,slr1145
BAA17304.1,slr1147,slr1147
BAA17305.1,slr1148,slr1148
BAA17306.1,slr1149,slr1149
BAA17307.1,slr1150,slr1150
BAA17308.1,sll1072,sll1072
BAA17309.1,sll1071,sll1071
BAA17310.1,tktA,sll1070
BAA17311.1,fabF,sll1069
BAA17312.1,acp,ssl2084
BAA17313.1,sll1068,sll1068
BAA17314.1,ssl3451,ssl3451
BAA17315.1,bfr,slr1890
BAA17316.1,sll1825,sll1825
BAA17317.1,sll1824,sll1824
BAA17318.1,purA,sll1823
BAA17319.1,ssl3446,ssl3446
BAA17320.1,rpl31,ssl3445
BAA17321.1,rps9,sll1822
BAA17322.1,rpl13,sll1821
BAA17323.1,truA,sll1820
BAA17324.1,rpl17,sll1819
BAA17325.1,rpoA,sll1818
BAA17326.1,rps11,sll1817
BAA17327.1,rps13,sll1816
BAA17328.1,rpl36,sml0006
BAA17329.1,infA,ssl3441
BAA17330.1,adk1,sll1815
BAA17331.1,secY,sll1814
BAA17332.1,rpl15,sll1813
BAA17333.1,rps5,sll1812
BAA17334.1,rpl18,sll1811
BAA17335.1,rpl6,sll1810
BAA17336.1,rps8,sll1809
BAA17337.1,rpl5,sll1808
BAA17338.1,rpl24,sll1807
BAA17339.1,rpl14,sll1806
BAA17340.1,rps17,ssl3437
BAA17341.1,rpl29,ssl3436
BAA17342.1,rpl16,sll1805
BAA17343.1,rps3,sll1804
BAA17344.1,rpl22,sll1803
BAA17345.1,rps19,ssl3432
BAA17346.1,rpl2,sll1802
BAA17347.1,rpl23,sll1801
BAA17348.1,rpl4,sll1800
BAA17349.1,rpl3,sll1799
BAA17350.1,slr1894,slr1894
BAA17351.1,ycf21,sll1797
BAA17352.1,slr1895,slr1895
BAA17353.1,slr1896,slr1896
BAA17354.1,petJ,sll1796
BAA17355.1,srrA,slr1897
BAA17356.1,argB,slr1898
BAA17357.1,ureF,slr1899
BAA17358.1,slr1900,slr1900
BAA17359.1,slr1901,slr1901
BAA17360.1,slr1902,slr1902
BAA17361.1,slr1903,slr1903
BAA17362.1,sll1792,sll1792
BAA17363.1,sll1791,sll1791
BAA17364.1,rpoC2,sll1789
BAA17365.1,rpoB,sll1787
BAA17366.1,sll1786,sll1786
BAA17367.1,rps20,ssl2233
BAA17368.1,sll1124,sll1124
BAA17369.1,sll1123,sll1123
BAA17370.1,sll1121,sll1121
BAA17371.1,sll1120,sll1120
BAA17372.1,sll1119,sll1119
BAA17373.1,slr1194,slr1194
BAA17374.1,slr1195,slr1195
BAA17375.1,slr1196,slr1196
BAA17376.1,slr1197,slr1197
BAA17377.1,sll1118,sll1118
BAA17378.1,ssr2009,ssr2009
BAA17379.1,slr1198,slr1198
BAA17380.1,mutL,slr1199
BAA17381.1,livH,slr1200
BAA17382.1,slr1201,slr1201
BAA17383.1,lacF,slr1202
BAA17384.1,slr1203,slr1203
BAA17385.1,htrA,slr1204
BAA17386.1,slr1205,slr1205
BAA17387.1,slr1206,slr1206
BAA17388.1,slr1207,slr1207
BAA17389.1,ssr2016,ssr2016
BAA17390.1,slr1208,slr1208
BAA17391.1,slr1209,slr1209
BAA17392.1,slr1210,slr1210
BAA17393.1,cobN,slr1211
BAA17394.1,ETR1,slr1212
BAA17395.1,slr1213,slr1213
BAA17396.1,slr1214,slr1214
BAA17397.1,slr1215,slr1215
BAA17398.1,aroQ,sll1112
BAA17399.1,mgtE,slr1216
BAA17400.1,sll1971,sll1971
BAA17401.1,slr2070,slr2070
BAA17402.1,slr2071,slr2071
BAA17403.1,sll1969,sll1969
BAA17404.1,pmgA,sll1968
BAA17405.1,sll1967,sll1967
BAA17406.1,ilvA,slr2072
BAA17407.1,slr2073,slr2073
BAA17408.1,manA,slr2074
BAA17409.1,sll1965,sll1965
BAA17410.1,groES,slr2075
BAA17411.1,groEL,slr2076
BAA17412.1,slr2077,slr2077
BAA17413.1,slr2078,slr2078
BAA17414.1,ssl3712,ssl3712
BAA17415.1,aroC,sll1747
BAA17416.1,rpl12,sll1746
BAA17417.1,rpl10,sll1745
BAA17418.1,rpl1,sll1744
BAA17419.1,rpl11,sll1743
BAA17420.1,nusG,sll1742
BAA17421.1,secE,ssl3335
BAA17422.1,rpl19,sll1740
BAA17423.1,slr1826,slr1826
BAA17424.1,slr1827,slr1827
BAA17425.1,sll1739,sll1739
BAA17426.1,sll1738,sll1738
BAA17427.1,sll1737,sll1737
BAA17428.1,petF,slr1828
BAA17429.1,slr1829,slr1829
BAA17430.1,phbC,slr1830
BAA17431.1,sll1736,sll1736
BAA17432.1,sll1735,sll1735
BAA17433.1,sll1734,sll1734
BAA17434.1,ndhD3,sll1733
BAA17435.1,ndhF3,sll1732
BAA17436.1,sll1730,sll1730
BAA17437.1,psaA,slr1834
BAA17438.1,psaB,slr1835
BAA17439.1,sll1726,sll1726
BAA17440.1,sll1725,sll1725
BAA17441.1,icsA,sll1724
BAA17442.1,sll1723,sll1723
BAA17443.1,sll1722,sll1722
BAA17444.1,slr1837,slr1837
BAA17445.1,pdhB,sll1721
BAA17446.1,ccmK,slr1838
BAA17447.1,ccmK,slr1839
BAA17448.1,slr1840,slr1840
BAA17449.1,slr1841,slr1841
BAA17450.1,cysK,slr1842
BAA17451.1,zwf,slr1843
BAA17452.1,uvrA,slr1844
BAA17453.1,sll1717,sll1717
BAA17454.1,sll1716,sll1716
BAA17455.1,sll1715,sll1715
BAA17456.1,sll1714,sll1714
BAA17457.1,hisC,sll1713
BAA17458.1,sll1712,sll1712
BAA17459.1,sll1469,sll1469
BAA17460.1,slr1535,slr1535
BAA17461.1,recQ,slr1536
BAA17462.1,slr1537,slr1537
BAA17463.1,cbiD,slr1538
BAA17464.1,slr1540,slr1540
BAA17465.1,slr1541,slr1541
BAA17466.1,slr1542,slr1542
BAA17467.1,slr1543,slr1543
BAA17468.1,bhy,sll1468
BAA17469.1,ssr2595,ssr2595
BAA17470.1,slr1544,slr1544
BAA17471.1,sigG,slr1545
BAA17472.1,slr1546,slr1546
BAA17473.1,slr1547,slr1547
BAA17474.1,sll1466,sll1466
BAA17475.1,ssl2823,ssl2823
BAA17476.1,sll1464,sll1464
BAA17477.1,ftsH4,sll1463
BAA17478.1,hypE,sll1462
BAA17479.1,sll1461,sll1461
BAA17480.1,sll1459,sll1459
BAA17481.1,def,slr1549
BAA17482.1,ssr2611,ssr2611
BAA17483.1,lysS,slr1550
BAA17484.1,rfbJ,sll1457
BAA17485.1,sll1456,sll1456
BAA17486.1,slr1552,slr1552
BAA17487.1,sll1455,sll1455
BAA17488.1,narB,sll1454
BAA17489.1,nrtD,sll1453
BAA17490.1,nrtC,sll1452
BAA17491.1,nrtB,sll1451
BAA17492.1,nrtA,sll1450
BAA17493.1,sll1634,sll1634
BAA17494.1,slr1748,slr1748
BAA17495.1,repA,ssl3177
BAA17496.1,ftsZ,sll1633
BAA17497.1,sll1632,sll1632
BAA17498.1,prc,slr1751
BAA17499.1,slr1752,slr1752
BAA17500.1,sll1144,sll1144
BAA17501.1,slr1218,slr1218
BAA17502.1,ureE,slr1219
BAA17503.1,slr1220,slr1220
BAA17504.1,slr1222,slr1222
BAA17505.1,uvrD,sll1143
BAA17506.1,sll1142,sll1142
BAA17507.1,sulA,slr1223
BAA17508.1,malK,slr1224
BAA17509.1,pknA,slr1225
BAA17510.1,sll1138,sll1138
BAA17511.1,purC,slr1226
BAA17512.1,IAP75,slr1227
BAA17513.1,prfC,slr1228
BAA17514.1,slr1229,slr1229
BAA17515.1,slr1230,slr1230
BAA17516.1,sll1135,sll1135
BAA17517.1,slr1232,slr1232
BAA17518.1,ssr2047,ssr2047
BAA17519.1,frdA,slr1233
BAA17520.1,bchB,ssr2049
BAA17521.1,slr1234,slr1234
BAA17522.1,slr1235,slr1235
BAA17523.1,slr1236,slr1236
BAA17524.1,ssl2250,ssl2250
BAA17525.1,sll1132,sll1132
BAA17526.1,sll1131,sll1131
BAA17527.1,codA,slr1237
BAA17528.1,sll1130,sll1130
BAA17529.1,ssl2245,ssl2245
BAA17530.1,todF,sll1129
BAA17531.1,ssr2060,ssr2060
BAA17532.1,grxC,ssr2061
BAA17533.1,gshB,slr1238
BAA17534.1,ssr2062,ssr2062
BAA17535.1,menB,sll1127
BAA17536.1,pntA,slr1239
BAA17537.1,slr1240,slr1240
BAA17538.1,slr1241,slr1241
BAA17539.1,ssr2067,ssr2067
BAA17540.1,pntB,slr1434
BAA17541.1,pmbA,slr1435
BAA17542.1,slr1436,slr1436
BAA17543.1,slr1437,slr1437
BAA17544.1,slr1438,slr1438
BAA17545.1,ileS,sll1362
BAA17546.1,ssr2406,ssr2406
BAA17547.1,dnaX,sll1360
BAA17548.1,slr1440,slr1440
BAA17549.1,sll1359,sll1359
BAA17550.1,sll1358,sll1358
BAA17551.1,glgP,sll1356
BAA17552.1,slr1441,slr1441
BAA17553.1,sll1355,sll1355
BAA17554.1,slr1442,slr1442
BAA17555.1,pknA,slr1443
BAA17556.1,slr1444,slr1444
BAA17557.1,ssr2422,ssr2422
BAA17558.1,recJ,sll1354
BAA17559.1,sll1353,sll1353
BAA17560.1,sll1352,sll1352
BAA17561.1,cscK,slr1448
BAA17562.1,slr1449,slr1449
BAA17563.1,slr1450,slr1450
BAA17564.1,sll1350,sll1350
BAA17565.1,cbbZp,sll1349
BAA17566.1,sll1348,sll1348
BAA17567.1,ribH,sll1282
BAA17568.1,ycf9,sll1281
BAA17569.1,sll1280,sll1280
BAA17570.1,rps1a,slr1356
BAA17571.1,slr1357,slr1357
BAA17572.1,recF,sll1277
BAA17573.1,sll1276,sll1276
BAA17574.1,pyk2,sll1275
BAA17575.1,slr1362,slr1362
BAA17576.1,sll1274,sll1274
BAA17577.1,slr1363,slr1363
BAA17578.1,bioB,slr1364
BAA17579.1,bioY,slr1365
BAA17580.1,lspA,slr1366
BAA17581.1,sll1273,sll1273
BAA17582.1,sll1272,sll1272
BAA17583.1,sll1271,sll1271
BAA17584.1,glnH/glnP,sll1270
BAA17585.1,ssl2501,ssl2501
BAA17586.1,glgP,slr1367
BAA17587.1,cbiT,slr1368
BAA17588.1,cdsA,slr1369
BAA17589.1,sll1268,sll1268
BAA17590.1,sll1267,sll1267
BAA17591.1,sll1265,sll1265
BAA17592.1,sll0877,sll0877
BAA17593.1,mscL,slr0875
BAA17594.1,ruvA,sll0876
BAA17595.1,sll0875,sll0875
BAA17596.1,slr0876,slr0876
BAA17597.1,ssr1480,ssr1480
BAA17598.1,slr0877,slr0877
BAA17599.1,slr0878,slr0878
BAA17600.1,gcvH,slr0879
BAA17601.1,slr0880,slr0880
BAA17602.1,napC,sll0873
BAA17603.1,ssl1633,ssl1633
BAA17604.1,slr0881,slr0881
BAA17605.1,sll0872,sll0872
BAA17606.1,slr0882,slr0882
BAA17607.1,psr,slr0883
BAA17608.1,sll0871,sll0871
BAA17609.1,gap1,slr0884
BAA17610.1,slr0885,slr0885
BAA17611.1,aat,sll0869
BAA17612.1,lipA,sll0868
BAA17613.1,sll0867,sll0867
BAA17614.1,fabG,slr0886
BAA17615.1,slr0887,slr0887
BAA17616.1,slr0888,slr0888
BAA17617.1,slr0889,slr0889
BAA17618.1,ssr1499,ssr1499
BAA17619.1,slr0890,slr0890
BAA17620.1,uvrC,sll0865
BAA17621.1,amiA,slr0891
BAA17622.1,sll0864,sll0864
BAA17623.1,sll0863,sll0863
BAA17624.1,sll0862,sll0862
BAA17625.1,sll0861,sll0861
BAA17626.1,sll0860,sll0860
BAA17627.1,petA,sll1317
BAA17628.1,petC,sll1316
BAA17629.1,psbH,ssl2598
BAA17630.1,psbN,smr0009
BAA17631.1,ssl2595,ssl2595
BAA17632.1,sll1315,sll1315
BAA17633.1,dctP,sll1314
BAA17634.1,slr1403,slr1403
BAA17635.1,sll1308,sll1308
BAA17636.1,slr1406,slr1406
BAA17637.1,slr1407,slr1407
BAA17638.1,slr1409,slr1409
BAA17639.1,slr1410,slr1410
BAA17640.1,sll1307,sll1307
BAA17641.1,sll1306,sll1306
BAA17642.1,sll1305,sll1305
BAA17643.1,sll1304,sll1304
BAA17644.1,sll1785,sll1785
BAA17645.1,sll1784,sll1784
BAA17646.1,sll1783,sll1783
BAA17647.1,slr1852,slr1852
BAA17648.1,slr1853,slr1853
BAA17649.1,slr1854,slr1854
BAA17650.1,slr1855,slr1855
BAA17651.1,slr1856,slr1856
BAA17652.1,glgX,slr1857
BAA17653.1,slr1859,slr1859
BAA17654.1,ICFG,slr1860
BAA17655.1,slr1861,slr1861
BAA17656.1,slr1862,slr1862
BAA17657.1,sll1780,sll1780
BAA17658.1,slr1863,slr1863
BAA17659.1,slr1864,slr1864
BAA17660.1,slr1865,slr1865
BAA17661.1,slr1866,slr1866
BAA17662.1,trpD,slr1867
BAA17663.1,deoC,sll1776
BAA17664.1,sll1775,sll1775
BAA17665.1,sll1774,sll1774
BAA17666.1,slr1869,slr1869
BAA17667.1,slr1870,slr1870
BAA17668.1,sll1773,sll1773
BAA17669.1,slr1871,slr1871
BAA17670.1,mutS,sll1772
BAA17671.1,sll1771,sll1771
BAA17672.1,sll1770,sll1770
BAA17673.1,sll1769,sll1769
BAA17674.1,ssl3383,ssl3383
BAA17675.1,ssl3382,ssl3382
BAA17676.1,sll1768,sll1768
BAA17677.1,ddlA,slr1874
BAA17678.1,exoD,slr1875
BAA17679.1,ssl3379,ssl3379
BAA17680.1,slr1876,slr1876
BAA17681.1,rps6,sll1767
BAA17682.1,hpcE,slr1877
BAA17683.1,cpcE,slr1878
BAA17684.1,aslB,sll1766
BAA17685.1,sll1765,sll1765
BAA17686.1,sll1764,sll1764
BAA17687.1,sll1763,sll1763
BAA17688.1,sll1762,sll1762
BAA17689.1,cbiL,slr1879
BAA17690.1,sll1761,sll1761
BAA17691.1,thrB,sll1760
BAA17692.1,slr1880,slr1880
BAA17693.1,sll1758,sll1758
BAA17694.1,ssr3184,ssr3184
BAA17695.1,livF,slr1881
BAA17696.1,slr1882,slr1882
BAA17697.1,sll1757,sll1757
BAA17698.1,ssr3188,ssr3188
BAA17699.1,ssl3364,ssl3364
BAA17700.1,trpS,slr1884
BAA17701.1,ssr3189,ssr3189
BAA17702.1,slr1885,slr1885
BAA17703.1,slr1886,slr1886
BAA17704.1,sll1755,sll1755
BAA17705.1,hemC,slr1887
BAA17706.1,slr1888,slr1888
BAA17707.1,pta,slr2132
BAA17708.1,sll2015,sll2015
BAA17709.1,sfsA,sll2014
BAA17710.1,sll2013,sll2013
BAA17711.1,sigD,sll2012
BAA17712.1,sll2011,sll2011
BAA17713.1,murD,sll2010
BAA17714.1,sll2009,sll2009
BAA17715.1,sll2008,sll2008
BAA17716.1,hupE,slr2135
BAA17717.1,gcpE,slr2136
BAA17718.1,sll2007,sll2007
BAA17719.1,sll2006,sll2006
BAA17720.1,gyrB,sll2005
BAA17721.1,ssl3829,ssl3829
BAA17722.1,ycf32,sml0007
BAA17723.1,slr2141,slr2141
BAA17724.1,sll2003,sll2003
BAA17725.1,cefD,slr2143
BAA17726.1,sll2002,sll2002
BAA17727.1,slr2144,slr2144
BAA17728.1,mbpA,slr1803
BAA17729.1,sll1710,sll1710
BAA17730.1,gdh,sll1709
BAA17731.1,ssl3291,ssl3291
BAA17732.1,sll1708,sll1708
BAA17733.1,slr1805,slr1805
BAA17734.1,csgA,sll1704
BAA17735.1,sppA,sll1703
BAA17736.1,sll1702,sll1702
BAA17737.1,slr1807,slr1807
BAA17738.1,hemA,slr1808
BAA17739.1,slr1809,slr1809
BAA17740.1,sll1699,sll1699
BAA17741.1,sll1698,sll1698
BAA17742.1,sll1697,sll1697
BAA17743.1,slr1811,slr1811
BAA17744.1,slr1812,slr1812
BAA17745.1,slr1813,slr1813
BAA17746.1,slr1814,slr1814
BAA17747.1,slr1815,slr1815
BAA17748.1,slr1816,slr1816
BAA17749.1,sll1696,sll1696
BAA17750.1,hofG,sll1695
BAA17751.1,hofG,sll1694
BAA17752.1,sll1693,sll1693
BAA17753.1,slr1818,slr1818
BAA17754.1,sll1692,sll1692
BAA17755.1,sll1691,sll1691
BAA17756.1,slr1819,slr1819
BAA17757.1,sigE,sll1689
BAA17758.1,thrC,sll1688
BAA17759.1,slr1820,slr1820
BAA17760.1,sll1687,sll1687
BAA17761.1,slr1821,slr1821
BAA17762.1,nth,slr1822
BAA17763.1,slr1732,slr1732
BAA17764.1,sll1631,sll1631
BAA17765.1,sll1630,sll1630
BAA17766.1,phr,sll1629
BAA17767.1,sll1628,sll1628
BAA17768.1,opcA,slr1734
BAA17769.1,slr1735,slr1735
BAA17770.1,lexA,sll1626
BAA17771.1,sdhB,sll1625
BAA17772.1,sll1624,sll1624
BAA17773.1,sll1623,sll1623
BAA17774.1,slr1736,slr1736
BAA17775.1,slr1737,slr1737
BAA17776.1,sll1621,sll1621
BAA17777.1,slr1738,slr1738
BAA17778.1,sll1620,sll1620
BAA17779.1,slr1739,slr1739
BAA17780.1,slr1740,slr1740
BAA17781.1,sll1618,sll1618
BAA17782.1,slr1742,slr1742
BAA17783.1,ndbB,slr1743
BAA17784.1,amiA,slr1744
BAA17785.1,murI,slr1746
BAA17786.1,slr1747,slr1747
BAA17787.1,ndbA,slr0851
BAA17788.1,slr0852,slr0852
BAA17789.1,rimI,slr0853
BAA17790.1,phr,slr0854
BAA17791.1,sll0858,sll0858
BAA17792.1,sll0857,sll0857
BAA17793.1,sigH,sll0856
BAA17794.1,sll0855,sll0855
BAA17795.1,sll0854,sll0854
BAA17796.1,sll0853,sll0853
BAA17797.1,slr0856,slr0856
BAA17798.1,slr0857,slr0857
BAA17799.2,psbC,sll0851
BAA17800.1,psbD,sll0849
BAA17801.1,dnaA,sll0848
BAA17802.1,sll0847,sll0847
BAA17803.1,purT,slr0861
BAA17804.1,sll0846,sll0846
BAA17805.1,lmbP,slr0862
BAA17806.1,slr0863,slr0863
BAA17807.1,sll0844,sll0844
BAA17808.1,sll0843,sll0843
BAA17809.1,nplT,sll0842
BAA17810.1,slr0864,slr0864
BAA17811.1,slr0865,slr0865
BAA17812.1,sll0839,sll0839
BAA17813.1,pyrF,sll0838
BAA17814.1,sll0837,sll0837
BAA17815.1,slr0867,slr0867
BAA17816.1,slr0868,slr0868
BAA17817.1,slr0869,slr0869
BAA17818.1,slr0870,slr0870
BAA17819.1,slr0871,slr0871
BAA17820.1,slr0872,slr0872
BAA17821.1,mutS,sll1165
BAA17822.1,slr1243,slr1243
BAA17823.1,sll1164,sll1164
BAA17824.1,sll1163,sll1163
BAA17825.1,sll1162,sll1162
BAA17826.1,sll1161,sll1161
BAA17827.1,sll1160,sll1160
BAA17828.1,sll1159,sll1159
BAA17829.1,sll1158,sll1158
BAA17830.1,slr1245,slr1245
BAA17831.1,ssr2078,ssr2078
BAA17832.1,slr1246,slr1246
BAA17833.1,sll1157,sll1157
BAA17834.1,sll1156,sll1156
BAA17835.1,sll1155,sll1155
BAA17836.1,norA,sll1154
BAA17837.1,pstS2,slr1247
BAA17838.1,pstC2,slr1248
BAA17839.1,pstA2,slr1249
BAA17840.1,pstB2,slr1250
BAA17841.1,cyp,slr1251
BAA17842.1,dcoH,ssl2296
BAA17843.1,sll1151,sll1151
BAA17844.1,ssr2087,ssr2087
BAA17845.1,sll1150,sll1150
BAA17846.1,slr1253,slr1253
BAA17847.1,pds,slr1254
BAA17848.1,pys,slr1255
BAA17849.1,sll1147,sll1147
BAA17850.1,ureA,slr1256
BAA17851.1,slr1257,slr1257
BAA17852.1,slr1258,slr1258
BAA17853.1,slr1259,slr1259
BAA17854.1,slr1260,slr1260
BAA17855.1,slr1261,slr1261
BAA17856.1,slr1262,slr1262
BAA17857.1,slr1263,slr1263
BAA17858.1,sll1961,sll1961
BAA17859.1,sll1960,sll1960
BAA17860.1,suhB,sll1959
BAA17861.1,hisC,sll1958
BAA17862.1,arsA,sll1957
BAA17863.1,apqZ,slr2057
BAA17864.1,topA,slr2058
BAA17865.1,slr2059,slr2059
BAA17866.1,slr2060,slr2060
BAA17867.1,sll1956,sll1956
BAA17868.1,sll1954,sll1954
BAA17869.1,ssl3692,ssl3692
BAA17870.1,slr2062,slr2062
BAA17871.1,sll1951,sll1951
BAA17872.1,sll1950,sll1950
BAA17873.1,sll1949,sll1949
BAA17874.1,apcA,slr2067
BAA17875.1,apcB,slr1986
BAA17876.1,apcC,ssr3383
BAA17877.1,prmA,sll1909
BAA17878.1,serA,sll1908
BAA17879.1,slr1990,slr1990
BAA17880.1,cyaA,slr1991
BAA17881.1,slr1992,slr1992
BAA17882.1,thl,slr1993
BAA17883.1,fabG,slr1994
BAA17884.1,sll1906,sll1906
BAA17885.1,sll1905,sll1905
BAA17886.1,slr1998,slr1998
BAA17887.1,slr1999,slr1999
BAA17888.1,slr2000,slr2000
BAA17889.1,slr2001,slr2001
BAA17890.1,slr2002,slr2002
BAA17891.1,slr2003,slr2003
BAA17892.1,sll1902,sll1902
BAA17893.1,ssr3402,ssr3402
BAA17894.1,slr2004,slr2004
BAA17895.1,slr1712,slr1712
BAA17896.1,thdF,sll1615
BAA17897.1,pma1,sll1614
BAA17898.1,sll1613,sll1613
BAA17899.1,folC,sll1612
BAA17900.1,sll1611,sll1611
BAA17901.1,slr1715,slr1715
BAA17902.1,slr1716,slr1716
BAA17903.1,sll1609,sll1609
BAA17904.1,sll1608,sll1608
BAA17905.1,slr1717,slr1717
BAA17906.1,sll1606,sll1606
BAA17907.1,fabZ,sll1605
BAA17908.1,slr1718,slr1718
BAA17909.1,drgA,slr1719
BAA17910.1,aspS,slr1720
BAA17911.1,slr1721,slr1721
BAA17912.1,guaB,slr1722
BAA17913.1,lacG,slr1723
BAA17914.1,sll1601,sll1601
BAA17915.1,slr1724,slr1724
BAA17916.1,ssl3127,ssl3127
BAA17917.1,mntB,sll1600
BAA17918.1,mntA,sll1599
BAA17919.1,mntC,sll1598
BAA17920.1,ssr2898,ssr2898
BAA17921.1,sll1596,sll1596
BAA17922.1,sll1595,sll1595
BAA17923.1,slr1726,slr1726
BAA17924.1,rbcR,sll1594
BAA17925.1,slr1727,slr1727
BAA17926.1,sll1592,sll1592
BAA17927.1,sll1590,sll1590
BAA17928.1,kdpA,slr1728
BAA17929.1,kdpB,slr1729
BAA17930.1,ssr2912,ssr2912
BAA17931.1,kdpC,slr1730
BAA17932.1,kdpD,slr1731
BAA17933.1,sll1586,sll1586
BAA17934.1,sll0254,sll0254
BAA17935.1,sll0253,sll0253
BAA17936.1,cobA,slr0260
BAA17937.1,ssl0467,ssl0467
BAA17938.1,sll0252,sll0252
BAA17939.1,ndhH,slr0261
BAA17940.1,slr0262,slr0262
BAA17941.1,slr0263,slr0263
BAA17942.1,slr0264,slr0264
BAA17943.1,slr0265,slr0265
BAA17944.1,dfp,sll0250
BAA17945.1,ssl0461,ssl0461
BAA17946.1,sll0249,sll0249
BAA17947.1,isiB,sll0248
BAA17948.1,isiA,sll0247
BAA17949.1,slr0267,slr0267
BAA17950.1,sll0245,sll0245
BAA17951.1,galE,sll0244
BAA17952.1,slr0269,slr0269
BAA17953.1,slr0270,slr0270
BAA17954.1,nblA,ssl0453
BAA17955.1,nblA,ssl0452
BAA17956.1,slr0271,slr0271
BAA17957.1,slr0272,slr0272
BAA17958.1,slr0273,slr0273
BAA17959.1,sll0243,sll0243
BAA17960.1,sll0242,sll0242
BAA17961.1,sll0241,sll0241
BAA17962.1,sll0240,sll0240
BAA17963.1,sll0238,sll0238
BAA17964.1,sll0237,sll0237
BAA17965.1,ssl0438,ssl0438
BAA17966.1,sll0236,sll0236
BAA17967.1,slr2079,slr2079
BAA17968.1,ssr3532,ssr3532
BAA17969.1,slr2080,slr2080
BAA17970.1,tyrA,slr2081
BAA17971.1,ctaD,slr2082
BAA17972.1,ctaE,slr2083
BAA17973.1,slr2084,slr2084
BAA17974.1,sll1988,sll1988
BAA17975.1,katG,sll1987
BAA17976.1,ycf44,slr2087
BAA17977.1,ilvG,slr2088
BAA17978.1,shc,slr2089
BAA17979.1,sll1985,sll1985
BAA17980.1,sll1984,sll1984
BAA17981.1,sll1983,sll1983
BAA17982.1,sll1982,sll1982
BAA17983.1,slr2092,slr2092
BAA17984.1,ilvB,sll1981
BAA17985.1,ssl3769,ssl3769
BAA17986.1,trxA,sll1980
BAA17987.1,sll1979,sll1979
BAA17988.1,glpX,slr2094
BAA17989.1,slr2095,slr2095
BAA17990.1,slr2096,slr2096
BAA17991.1,glbN,slr2097
BAA17992.1,slr2098,slr2098
BAA17993.1,slr2099,slr2099
BAA17994.1,slr2100,slr2100
BAA17995.1,slr2101,slr2101
BAA17996.1,ftsY,slr2102
BAA17997.1,slr2103,slr2103
BAA17998.1,slr2104,slr2104
BAA17999.1,sll1973,sll1973
BAA18000.1,slr2105,slr2105
BAA18001.1,apt,sll1430
BAA18002.1,sll1429,sll1429
BAA18003.1,ssl2789,ssl2789
BAA18004.1,sll1428,sll1428
BAA18005.1,slr1503,slr1503
BAA18006.1,hhoB,sll1427
BAA18007.1,sll1426,sll1426
BAA18008.1,proS,sll1425
BAA18009.1,slr1505,slr1505
BAA18010.1,sll1424,sll1424
BAA18011.1,ntcA,sll1423
BAA18012.1,ssl2781,ssl2781
BAA18013.1,slr1506,slr1506
BAA18014.1,slr1507,slr1507
BAA18015.1,slr1508,slr1508
BAA18016.1,ntpJ,slr1509
BAA18017.1,plsX,slr1510
BAA18018.1,fabH,slr1511
BAA18019.1,sll1418,sll1418
BAA18020.1,slr1512,slr1512
BAA18021.1,slr1513,slr1513
BAA18022.1,sll1415,sll1415
BAA18023.1,sll1414,sll1414
BAA18024.1,ssr2549,ssr2549
BAA18025.1,slr1515,slr1515
BAA18026.1,ssr2551,ssr2551
BAA18027.1,sodB,slr1516
BAA18028.1,leuB,slr1517
BAA18029.1,ssr2554,ssr2554
BAA18030.1,menA,slr1518
BAA18031.1,hglK,slr1519
BAA18032.1,slr1520,slr1520
BAA18033.1,hflX,slr1521
BAA18034.1,slr1522,slr1522
BAA18035.1,slr1523,slr1523
BAA18036.1,slr1524,slr1524
BAA18037.1,sll1411,sll1411
BAA18038.1,ssl2749,ssl2749
BAA18039.1,lap,sll2001
BAA18040.1,ssr3570,ssr3570
BAA18041.1,ssr3571,ssr3571
BAA18042.1,kpsM,slr2107
BAA18043.1,kpsT,slr2108
BAA18044.1,sll1999,sll1999
BAA18045.1,sll1998,sll1998
BAA18046.1,sll1997,sll1997
BAA18047.1,slr2110,slr2110
BAA18048.1,slr2111,slr2111
BAA18049.1,slr2112,slr2112
BAA18050.1,slr2113,slr2113
BAA18051.1,spsC,slr2114
BAA18052.1,slr2115,slr2115
BAA18053.1,spsA,slr2116
BAA18054.1,slr2117,slr2117
BAA18055.1,slr2118,slr2118
BAA18056.1,slr2119,slr2119
BAA18057.1,slr2120,slr2120
BAA18058.1,slr2121,slr2121
BAA18059.1,slr2122,slr2122
BAA18060.1,slr2123,slr2123
BAA18061.1,slr2124,slr2124
BAA18062.1,slr2125,slr2125
BAA18063.1,slr2126,slr2126
BAA18064.1,slr2127,slr2127
BAA18065.1,slr2128,slr2128
BAA18066.1,sll1995,sll1995
BAA18067.1,hemB,sll1994
BAA18068.1,aroB,slr2130
BAA18069.1,slr2131,slr2131
BAA18070.1,sll1241,sll1241
BAA18071.1,sll1240,sll1240
BAA18072.1,sll1239,sll1239
BAA18073.1,slr1322,slr1322
BAA18074.1,hemK,sll1237
BAA18075.1,slr1324,slr1324
BAA18076.1,ssr2194,ssr2194
BAA18077.1,sll1236,sll1236
BAA18078.1,spoT,slr1325
BAA18079.1,ahcY,sll1234
BAA18080.1,ssr2201,ssr2201
BAA18081.1,slr1327,slr1327
BAA18082.1,sll1233,sll1233
BAA18083.1,sll1232,sll1232
BAA18084.1,mtfB,sll1231
BAA18085.1,sll1229,sll1229
BAA18086.1,sll1228,sll1228
BAA18087.1,atpB,slr1329
BAA18088.1,atpE,slr1330
BAA18089.1,ymxG,slr1331
BAA18090.1,fabF,slr1332
BAA18091.1,hoxH,sll1226
BAA18092.1,sll1225,sll1225
BAA18093.1,ssl2420,ssl2420
BAA18094.1,hoxY,sll1224
BAA18095.1,hoxU,sll1223
BAA18096.1,sll1222,sll1222
BAA18097.1,hoxF,sll1221
BAA18098.1,sll1220,sll1220
BAA18099.1,ssr2227,ssr2227
BAA18100.1,slr1334,slr1334
BAA18101.1,sll1219,sll1219
BAA18102.1,ycf39,sll1218
BAA18103.1,sll1217,sll1217
BAA18104.1,ssr1375,ssr1375
BAA18105.1,dacB,slr0804
BAA18106.1,slr0806,slr0806
BAA18107.1,psaJ,sml0008
BAA18108.1,psaF,sll0819
BAA18109.1,gcp,slr0807
BAA18110.1,slr0808,slr0808
BAA18111.1,rfbB,slr0809
BAA18112.1,slr0810,slr0810
BAA18113.1,sll0818,sll0818
BAA18114.1,ssl1520,ssl1520
BAA18115.1,miaA,sll0817
BAA18116.1,sll0816,sll0816
BAA18117.1,sll0815,sll0815
BAA18118.1,sll0814,sll0814
BAA18119.1,ctaC,sll0813
BAA18120.1,slr0812,slr0812
BAA18121.1,slr0813,slr0813
BAA18122.1,sll0812,sll0812
BAA18123.1,ndhL,ssr1386
BAA18124.1,slr0815,slr0815
BAA18125.1,slr0816,slr0816
BAA18126.1,sll0811,sll0811
BAA18127.1,sll0810,sll0810
BAA18128.1,sll0809,sll0809
BAA18129.1,entC,slr0817
BAA18130.1,slr0818,slr0818
BAA18131.1,int,slr0819
BAA18132.1,ssr1391,ssr1391
BAA18133.1,slr0820,slr0820
BAA18134.1,ssl1507,ssl1507
BAA18135.1,sll0808,sll0808
BAA18136.1,slr0821,slr0821
BAA18137.1,cfxE,sll0807
BAA18138.1,slr0822,slr0822
BAA18139.1,ycf3,slr0823
BAA18140.1,sll0804,sll0804
BAA18141.1,sll0803,sll0803
BAA18142.1,sll0802,sll0802
BAA18143.1,ssl1498,ssl1498
BAA18144.1,sll1263,sll1263
BAA18145.1,sll1262,sll1262
BAA18146.1,tsf,sll1261
BAA18147.1,rps2,sll1260
BAA18148.1,slr1336,slr1336
BAA18149.1,sll1258,sll1258
BAA18150.1,sll1257,sll1257
BAA18151.1,sll1256,sll1256
BAA18152.1,slr1338,slr1338
BAA18153.1,slr1339,slr1339
BAA18154.1,slr1340,slr1340
BAA18155.1,sll1255,sll1255
BAA18156.1,sll1254,sll1254
BAA18157.1,slr1342,slr1342
BAA18158.1,slr1343,slr1343
BAA18159.1,pcnB,sll1253
BAA18160.1,sll1252,sll1252
BAA18161.1,slr1344,slr1344
BAA18162.1,sll1251,sll1251
BAA18163.1,ssl2471,ssl2471
BAA18164.1,sll1250,sll1250
BAA18165.1,panC/kcy,sll1249
BAA18166.1,icfA,slr1347
BAA18167.1,cysE,slr1348
BAA18168.1,pgi,slr1349
BAA18169.1,desA,slr1350
BAA18170.1,sll1247,sll1247
BAA18171.1,murF,slr1351
BAA18172.1,cytM,sll1245
BAA18173.1,rpl9,sll1244
BAA18174.1,slr1353,slr1353
BAA18175.1,sll1242,sll1242
BAA18176.1,slr1956,slr1956
BAA18177.1,slr1957,slr1957
BAA18178.1,slr1958,slr1958
BAA18179.1,act,sll1900
BAA18180.1,hypC,ssl3580
BAA18181.1,ctaB,sll1899
BAA18182.1,sll1898,sll1898
BAA18183.1,slr1959,slr1959
BAA18184.1,sll1897,sll1897
BAA18185.1,ssl3573,ssl3573
BAA18186.1,slr1962,slr1962
BAA18187.1,sll1895,sll1895
BAA18188.1,slr1963,slr1963
BAA18189.1,slr1964,slr1964
BAA18190.1,ribA,sll1894
BAA18191.1,slr1966,slr1966
BAA18192.1,hisF,sll1893
BAA18193.1,sll1892,sll1892
BAA18194.1,slr1968,slr1968
BAA18195.1,sll1891,sll1891
BAA18196.1,cobN,sll1890
BAA18197.1,slr1969,slr1969
BAA18198.1,ssr3341,ssr3341
BAA18199.1,slr1970,slr1970
BAA18200.1,slr1971,slr1971
BAA18201.1,sll1888,sll1888
BAA18202.1,ssl3549,ssl3549
BAA18203.1,slr1972,slr1972
BAA18204.1,sll1886,sll1886
BAA18205.1,sll1885,sll1885
BAA18206.1,slr1974,slr1974
BAA18207.1,sll1884,sll1884
BAA18208.1,argJ,sll1883
BAA18209.1,sll1882,sll1882
BAA18210.1,slr1975,slr1975
BAA18211.1,sll1880,sll1880
BAA18212.1,sll1879,sll1879
BAA18213.1,sll1878,sll1878
BAA18214.1,slr1977,slr1977
BAA18215.1,slr1978,slr1978
BAA18216.1,trpE,slr1979
BAA18217.1,slr1980,slr1980
BAA18218.1,hemN,sll1876
BAA18219.1,ho2,sll1875
BAA18220.1,AT103,sll1874
BAA18221.1,sll1873,sll1873
BAA18222.1,lytR,sll1872
BAA18223.1,sll1871,sll1871
BAA18224.1,slr1982,slr1982
BAA18225.1,slr1983,slr1983
BAA18226.1,sll1870,sll1870
BAA18227.1,cbaB,sll1869
BAA18228.1,rps1b,slr1984
BAA18229.1,dnaG,sll1868
BAA18230.1,psbA3,sll1867
BAA18231.1,sll1866,sll1866
BAA18232.1,sll1390,sll1390
BAA18233.1,ssl2717,ssl2717
BAA18234.1,sll1389,sll1389
BAA18235.1,sll1388,sll1388
BAA18236.1,petG,smr0010
BAA18237.1,sll1387,sll1387
BAA18238.1,sll1386,sll1386
BAA18239.1,slr1467,slr1467
BAA18240.1,slr1468,slr1468
BAA18241.1,rpl34,smr0011
BAA18242.1,rnpA,slr1469
BAA18243.1,slr1470,slr1470
BAA18244.1,slr1471,slr1471
BAA18245.1,slr1472,slr1472
BAA18246.1,sll1384,sll1384
BAA18247.1,suhB,sll1383
BAA18248.1,petF,sll1382
BAA18249.1,slr1474,slr1474
BAA18250.1,sll1381,sll1381
BAA18251.1,sll1380,sll1380
BAA18252.1,pyrB,slr1476
BAA18253.1,sll1378,sll1378
BAA18254.1,sll1377,sll1377
BAA18255.1,slr1478,slr1478
BAA18256.1,sll1376,sll1376
BAA18257.1,melB,sll1374
BAA18258.1,sll1373,sll1373
BAA18259.1,sll1372,sll1372
BAA18260.1,sll1371,sll1371
BAA18261.1,rfbM,sll1370
BAA18262.1,sll1369,sll1369
BAA18263.1,petC,sll1182
BAA18264.1,hlyD,sll1181
BAA18265.1,hlyB,sll1180
BAA18266.1,rpoC1,slr1265
BAA18267.1,sll1178,sll1178
BAA18268.1,slr1266,slr1266
BAA18269.1,mrdB,slr1267
BAA18270.1,ggt,slr1269
BAA18271.1,slr1270,slr1270
BAA18272.1,rffM,slr1271
BAA18273.1,slr1272,slr1272
BAA18274.1,slr1273,slr1273
BAA18275.1,pilM,slr1274
BAA18276.1,slr1275,slr1275
BAA18277.1,slr1276,slr1276
BAA18278.1,gspD,slr1277
BAA18279.1,sll1174,sll1174
BAA18280.1,sll1173,sll1173
BAA18281.1,slr1278,slr1278
BAA18282.1,thrC,sll1172
BAA18283.1,ndhC,slr1279
BAA18284.1,ndhK,slr1280
BAA18285.1,ndhJ,slr1281
BAA18286.1,slr1282,slr1282
BAA18287.1,slr1283,slr1283
BAA18288.1,sll1170,sll1170
BAA18289.1,sll1169,sll1169
BAA18290.1,slr1285,slr1285
BAA18291.1,pbp,sll1167
BAA18292.1,ssr2130,ssr2130
BAA18293.1,slr1287,slr1287
BAA18294.1,slr1288,slr1288
BAA18295.1,sll1166,sll1166
BAA18296.1,sll1447,sll1447
BAA18297.1,sll1446,sll1446
BAA18298.1,leuD,sll1444
BAA18299.1,pyrG,sll1443
BAA18300.1,sll1442,sll1442
BAA18301.1,slr1529,slr1529
BAA18302.1,desB,sll1441
BAA18303.1,pdxH,sll1440
BAA18304.1,slr1530,slr1530
BAA18305.1,sll1439,sll1439
BAA18306.1,ffh,slr1531
BAA18307.1,sll1437,sll1437
BAA18308.1,sll1436,sll1436
BAA18309.1,pet112,sll1435
BAA18310.1,mrcA,sll1434
BAA18311.1,sll1433,sll1433
BAA18312.1,hypB,sll1432
BAA18313.1,slr1533,slr1533
BAA18314.1,slr1534,slr1534
BAA18315.1,slr1152,slr1152
BAA18316.1,ssl2162,ssl2162
BAA18317.1,glnH,sll1104
BAA18318.1,sll1103,sll1103
BAA18319.1,sll1102,sll1102
BAA18320.1,rps10,sll1101
BAA18321.1,tufA,sll1099
BAA18322.1,fus,sll1098
BAA18323.1,rps7,sll1097
BAA18324.1,rps12,sll1096
BAA18325.1,sll1095,sll1095
BAA18326.1,purD,slr1159
BAA18327.1,slr1160,slr1160
BAA18328.1,rpiB,ssl2153
BAA18329.1,sll1094,sll1094
BAA18330.1,slr1161,slr1161
BAA18331.1,slr1162,slr1162
BAA18332.1,slr1163,slr1163
BAA18333.1,ssl2148,ssl2148
BAA18334.1,nrdA,slr1164
BAA18335.1,met3,slr1165
BAA18336.1,slr1166,slr1166
BAA18337.1,sll1092,sll1092
BAA18338.1,ssl2138,ssl2138
BAA18339.1,sll1091,sll1091
BAA18340.1,gldA,slr1167
BAA18341.1,slr1168,slr1168
BAA18342.1,slr1169,slr1169
BAA18343.1,slr1170,slr1170
BAA18344.1,slr1171,slr1171
BAA18345.1,sll1089,sll1089
BAA18346.1,sll1087,sll1087
BAA18347.1,sll1086,sll1086
BAA18348.1,slr1173,slr1173
BAA18349.1,ssr1951,ssr1951
BAA18350.1,slr1174,slr1174
BAA18351.1,glpD,sll1085
BAA18352.1,otsA,sll1566
BAA18353.1,slr1670,slr1670
BAA18354.1,glpK,slr1672
BAA18355.1,spoU,slr1673
BAA18356.1,slr1674,slr1674
BAA18357.1,hypA,slr1675
BAA18358.1,slr1676,slr1676
BAA18359.1,slr1677,slr1677
BAA18360.1,rpl21,slr1678
BAA18361.1,rpl27,ssr2799
BAA18362.1,slr1679,slr1679
BAA18363.1,leuA,sll1564
BAA18364.1,ssr2802,ssr2802
BAA18365.1,ssr2803,ssr2803
BAA18366.1,ssr2806,ssr2806
BAA18367.1,sll1563,sll1563
BAA18368.1,sll1562,sll1562
BAA18369.1,putA,sll1561
BAA18370.1,slr1681,slr1681
BAA18371.1,slr1682,slr1682
BAA18372.1,sll1560,sll1560
BAA18373.1,slr1683,slr1683
BAA18374.1,slr1684,slr1684
BAA18375.1,sll1559,sll1559
BAA18376.1,slr1686,slr1686
BAA18377.1,ssl3044,ssl3044
BAA18378.1,slr1687,slr1687
BAA18379.1,sll1558,sll1558
BAA18380.1,sucD,sll1557
BAA18381.1,sll1556,sll1556
BAA18382.1,sll1555,sll1555
BAA18383.1,psaE,ssr2831
BAA18384.1,mutM,slr1689
BAA18385.1,slr1690,slr1690
BAA18386.1,nadE,slr1691
BAA18387.1,slr1692,slr1692
BAA18388.1,slr1693,slr1693
BAA18389.1,slr1694,slr1694
BAA18390.1,pheT,sll1553
BAA18391.1,pknA,slr1697
BAA18392.1,sll0921,sll0921
BAA18393.1,ppc,sll0920
BAA18394.1,slr0935,slr0935
BAA18395.1,nadC,slr0936
BAA18396.1,slr0937,slr0937
BAA18397.1,slr0938,slr0938
BAA18398.1,cbiC,sll0916
BAA18399.1,pqqE,sll0915
BAA18400.1,crtQ,slr0940
BAA18401.1,slr0941,slr0941
BAA18402.1,slr0942,slr0942
BAA18403.1,fda,slr0943
BAA18404.1,sll0914,sll0914
BAA18405.1,slr0944,slr0944
BAA18406.1,slr0945,slr0945
BAA18407.1,arsC,slr0946
BAA18408.1,slr0947,slr0947
BAA18409.1,slr0948,slr0948
BAA18410.1,sll0913,sll0913
BAA18411.1,sll0912,sll0912
BAA18412.1,livH,slr0949
BAA18413.1,slr0950,slr0950
BAA18414.1,sll0911,sll0911
BAA18415.1,sll0910,sll0910
BAA18416.1,sll0909,sll0909
BAA18417.1,slr0951,slr0951
BAA18418.1,fbp,slr0952
BAA18419.1,slr0953,slr0953
BAA18420.1,ssr1600,ssr1600
BAA18421.1,slr0954,slr0954
BAA18422.1,slr0955,slr0955
BAA18423.1,slr0957,slr0957
BAA18424.1,cysS,slr0958
BAA18425.1,maf,sll0905
BAA18426.1,slr0959,slr0959
BAA18427.1,slr0960,slr0960
BAA18428.1,sll1541,sll1541
BAA18429.1,ssr2723,ssr2723
BAA18430.1,dpm1,sll1540
BAA18431.1,ppa,slr1622
BAA18432.1,slr1623,slr1623
BAA18433.1,slr1624,slr1624
BAA18434.1,bgl,sll1538
BAA18435.1,sll1537,sll1537
BAA18436.1,slr1626,slr1626
BAA18437.1,slr1627,slr1627
BAA18438.1,moeB,sll1536
BAA18439.1,slr1628,slr1628
BAA18440.1,slr1629,slr1629
BAA18441.1,rfbP,sll1535
BAA18442.1,sll1534,sll1534
BAA18443.1,pilT,sll1533
BAA18444.1,slr1634,slr1634
BAA18445.1,sll1532,sll1532
BAA18446.1,ssl2982,ssl2982
BAA18447.1,slr1635,slr1635
BAA18448.1,slr1636,slr1636
BAA18449.1,slr1638,slr1638
BAA18450.1,smpB,slr1639
BAA18451.1,sll1531,sll1531
BAA18452.1,sll1530,sll1530
BAA18453.1,sll1528,sll1528
BAA18454.1,sll1527,sll1527
BAA18455.1,sll1526,sll1526
BAA18456.1,clpB,slr1641
BAA18457.1,ssl2971,ssl2971
BAA18458.1,prk,sll1525
BAA18459.1,petH,slr1643
BAA18460.1,sll1524,sll1524
BAA18461.1,slr1644,slr1644
BAA18462.1,psbZ,slr1645
BAA18463.1,rnc,slr1646
BAA18464.1,slr1647,slr1647
BAA18465.1,slr1648,slr1648
BAB61866.1,ssr2754,ssr2754
BAA18466.1,slr1649,slr1649
BAA18467.1,pgsA,sll1522
BAA18468.1,sll1521,sll1521
BAA18469.1,recN,sll1520
BAA18470.1,slr0442,slr0442
BAA18471.1,sll0428,sll0428
BAA18472.1,ssr0756,ssr0756
BAA18473.1,ssr0759,ssr0759
BAB61867.1,ssr0761,ssr0761
BAA18474.1,psbO,sll0427
BAA18475.1,slr0443,slr0443
BAA18476.1,sll0426,sll0426
BAA18477.1,aroA,slr0444
BAA18478.1,sll0424,sll0424
BAA18479.1,sll0423,sll0423
BAA18480.1,sll0422,sll0422
BAA18481.1,purB,sll0421
BAA18482.1,slr0445,slr0445
BAA18483.1,ureB,sll0420
BAA18484.1,sll0419,sll0419
BAA18485.1,sll0418,sll0418
BAA18486.1,dnaX and dnaZ,slr0446
BAA18487.1,amiC,slr0447
BAA18488.1,sms,slr0448
BAA18489.1,sll0274,sll0274
BAA18490.1,sll0273,sll0273
BAA18491.1,sll0272,sll0272
BAA18492.1,nusB,sll0271
BAA18493.1,slr0280,slr0280
BAA18494.1,priA,sll0270
BAA18495.1,sll0269,sll0269
BAA18496.1,sll0268,sll0268
BAA18497.1,sll0267,sll0267
BAA18498.1,sll0266,sll0266
BAA18499.1,sll0265,sll0265
BAA18500.1,sll0264,sll0264
BAA18501.1,sll0263,sll0263
BAA18502.1,desD(des6),sll0262
BAA18503.1,sll0261,sll0261
BAA18504.1,slr0284,slr0284
BAA18505.1,slr0285,slr0285
BAA18506.1,slr0286,slr0286
BAA18507.1,sll0260,sll0260
BAA18508.1,rps16,ssr0482
BAA18509.1,slr0287,slr0287
BAA18510.1,glnN,slr0288
BAA18511.1,slr0291,slr0291
BAA18512.1,psbV,sll0258
BAA18513.1,ssl0483,ssl0483
BAA18514.1,slr0292,slr0292
BAA18515.1,sll0257,sll0257
BAA18516.1,gcvP,slr0293
BAA18517.1,slr0294,slr0294
BAA18518.1,slr0392,slr0392
BAA18519.1,slr0393,slr0393
BAA18520.1,sll0364,sll0364
BAA18521.1,pgk,slr0394
BAA18522.1,ntcB,slr0395
BAA18523.1,alaS,sll0362
BAA18524.1,sll0361,sll0361
BAA18525.1,sll0360,sll0360
BAA18526.1,sll0359,sll0359
BAA18527.1,slr0397,slr0397
BAA18528.1,slr0398,slr0398
BAA18529.1,ycf39,slr0399
BAA18530.1,slr0400,slr0400
BAA18531.1,slr0401,slr0401
BAA18532.1,slr0402,slr0402
BAA18533.1,glnB,ssl0707
BAA18534.1,slr0404,slr0404
BAA18535.1,ssr0657,ssr0657
BAA18536.1,trpF,sll0356
BAA18537.1,sll0355,sll0355
BAA18538.1,sll0354,sll0354
BAA18539.1,pyrC,slr0406
BAA18540.1,slr0407,slr0407
BAA18541.1,slr0408,slr0408
BAA18542.1,slr0142,slr0142
BAA18543.1,slr0143,slr0143
BAA18544.1,slr0144,slr0144
BAA18545.1,slr0145,slr0145
BAA18546.1,slr0146,slr0146
BAA18547.1,slr0147,slr0147
BAA18548.1,slr0148,slr0148
BAA18549.1,slr0149,slr0149
BAA18550.1,petF,slr0150
BAA18551.1,slr0151,slr0151
BAA18552.1,slr0152,slr0152
BAA18553.1,sll0149,sll0149
BAA18554.1,sll0148,sll0148
BAA18555.1,sll0147,sll0147
BAA18556.1,sll0146,sll0146
BAA18557.1,frr,sll0145
BAA18558.1,pyrH,sll0144
BAA18559.1,ssl0259,ssl0259
BAA18560.1,clpB,slr0156
BAA18561.1,slr0157,slr0157
BAA18562.1,sll0142,sll0142
BAA18563.1,sll0141,sll0141
BAA18564.1,pilT,slr0161
BAA18565.1,gspF,slr0162
BAA18566.1,pilC,slr0163
BAA18567.1,clpP,slr0164
BAA18568.1,clpP,slr0165
BAA18569.1,pepP,sll0136
BAA18570.1,sll0135,sll0135
BAA18571.1,ssl0242,ssl0242
BAA18572.1,ssr0256,ssr0256
BAA18573.1,slr0166,slr0166
BAA18574.1,slr1923,slr1923
BAA18575.1,slr1924,slr1924
BAA18576.1,cbiB,slr1925
BAA18577.1,prfB,sll1865
BAA18578.1,sll1864,sll1864
BAA18579.1,slr1926,slr1926
BAA18580.1,slr1927,slr1927
BAA18581.1,slr1928,slr1928
BAA18582.1,slr1929,slr1929
BAA18583.1,slr1930,slr1930
BAA18584.1,slr1931,slr1931
BAA18585.1,slr1932,slr1932
BAA18586.1,sll1863,sll1863
BAA18587.1,sll1862,sll1862
BAA18588.1,sll1861,sll1861
BAA18589.1,sll1860,sll1860
BAA18590.1,rfbC,slr1933
BAA18591.1,sll1858,sll1858
BAA18592.1,slr1934,slr1934
BAA18593.1,slr1935,slr1935
BAA18594.1,xthA,sll1854
BAA18595.1,sll1853,sll1853
BAA18596.1,ndkR,sll1852
BAA18597.1,sll1851,sll1851
BAA18598.1,slr1936,slr1936
BAA18599.1,slr1937,slr1937
BAA18600.1,sll1849,sll1849
BAA18601.1,slr1938,slr1938
BAA18602.1,sll1848,sll1848
BAA18603.1,slr1939,slr1939
BAA18604.1,slr1940,slr1940
BAA18605.1,ssr3300,ssr3300
BAA18606.1,sll1845,sll1845
BAA18607.1,slr1942,slr1942
BAA18608.1,ssr3304,ssr3304
BAA18609.1,slr1943,slr1943
BAA18610.1,slr1944,slr1944
BAA18611.1,yibO,slr1945
BAA18612.1,ycf47,ssr3307
BAA18613.1,slr1946,slr1946
BAA18614.1,odhB,sll1841
BAA18615.1,slr1949,slr1949
BAA18616.1,slr1950,slr1950
BAA18617.1,slr1951,slr1951
BAA18618.1,slr0989,slr0989
BAA18619.1,slr0990,slr0990
BAA18620.1,slr0992,slr0992
BAA18621.1,nlpD,slr0993
BAA18622.1,lrtA,sll0947
BAA18623.1,lipB,slr0994
BAA18624.1,ssl1807,ssl1807
BAA18625.1,glgA,sll0945
BAA10018.2,sll0944,sll0944
BAA10019.1,slr0320,slr0320
BAA10020.1,sigB,sll0306
BAA10021.1,Era,slr0321
BAA10022.1,slr0322,slr0322
BAA10023.1,ams1,slr0323
BAA10024.1,slr0324,slr0324
BAA10025.1,slr0325,slr0325
BAA10026.1,sll0301,sll0301
BAA10027.1,ribC,sll0300
BAA10028.1,slr0326,slr0326
BAA10029.1,hitB,slr0327
BAA10030.1,slr0328,slr0328
BAA10031.1,xylR,slr0329
BAA10032.1,sll0298,sll0298
BAA10033.1,sll0297,sll0297
BAA10034.1,sll0296,sll0296
BAA10035.1,ssl0564,ssl0564
BAA10036.1,psaC,ssl0563
BAA10037.1,ndhD1,slr0331
BAA10038.1,slr0333,slr0333
BAA10039.1,slr0334,slr0334
BAA10040.1,ssr0536,ssr0536
BAA10041.1,sll0295,sll0295
BAA10042.1,apcE,slr0335
BAA10043.1,slr0337,slr0337
BAA10044.1,sll0294,sll0294
BAA10045.1,sll0293,sll0293
BAA10046.1,slr0338,slr0338
BAA10047.1,slr0168,slr0168
BAA10048.1,slr0169,slr0169
BAA10049.1,ycf37,slr0171
BAA10050.1,guaB,slr0172
BAA10051.1,sll0177,sll0177
BAA10052.1,sll0176,sll0176
BAA10053.1,ssl0312,ssl0312
BAA10054.1,sll0175,sll0175
BAA10055.1,sll0174,sll0174
BAA10056.1,sll0173,sll0173
BAA10057.1,sll0172,sll0172
BAA10058.1,gcvT,sll0171
BAA10059.1,dnaK2,sll0170
BAA10060.1,sll0169,sll0169
BAA10061.1,sll0168,sll0168
BAA10062.1,sll0167,sll0167
BAA10063.1,hemD,sll0166
BAA10064.1,sll0163,sll0163
BAA10065.1,sll0162,sll0162
BAA10066.1,slr0179,slr0179
BAA10067.1,slr0180,slr0180
BAA10068.1,sll0161,sll0161
BAA10069.1,ssl0296,ssl0296
BAA10070.1,slr0181,slr0181
BAA10071.1,ssl0294,ssl0294
BAA10072.1,sll0160,sll0160
BAA10073.1,glgB,sll0158
BAA10074.1,sll0157,sll0157
BAA10075.1,sll0156,sll0156
BAA10076.1,slr0184,slr0184
BAA10077.1,umpS,slr0185
BAA10078.1,sll0154,sll0154
BAA10079.1,leuA,slr0186
BAA10080.1,slr0359,slr0359
BAA10081.1,slr0360,slr0360
BAA10082.1,slr0361,slr0361
BAA10083.1,slr0362,slr0362
BAA10084.1,sll0350,sll0350
BAA10085.1,psbI,sml0001
BAA10086.1,slr0363,slr0363
BAA10087.1,slr0364,slr0364
BAA10088.1,slr0366,slr0366
BAA10089.1,slr0369,slr0369
BAA10090.1,gabD,slr0370
BAA10091.1,sphS,sll0337
BAA10092.1,accD,sll0336
BAA10093.1,sll0335,sll0335
BAA10094.1,slr0373,slr0373
BAA10095.1,slr0374,slr0374
BAA10096.1,slr0376,slr0376
BAA10097.1,slr0377,slr0377
BAA10098.1,slr0378,slr0378
BAA10099.1,slr0379,slr0379
BAA10100.1,slr0380,slr0380
BAA10101.1,slr0381,slr0381
BAA10102.1,fabG,sll0330
BAA10103.1,slr0383,slr0383
BAA10104.1,slr0384,slr0384
BAA10105.1,gnd,sll0329
BAA10106.1,sll0328,sll0328
BAA10107.1,sll0327,sll0327
BAA10108.1,slr0386,slr0386
BAA10109.1,nifS,slr0387
BAA10110.1,slr0388,slr0388
BAA10111.1,slr0769,slr0769
BAA10112.1,slr0770,slr0770
BAA10113.1,slr0771,slr0771
BAA10114.1,chlB,slr0772
BAA10115.1,slr0773,slr0773
BAA10116.1,sll0772,sll0772
BAA10117.1,glcP,sll0771
BAA10118.1,secD,slr0774
BAA10119.1,secF,slr0775
BAA10120.1,lpxD,slr0776
BAA10121.1,rpl20,sll0767
BAA10122.1,rpl35,ssl1426
BAA10123.1,radC,sll0766
BAA10124.1,sll0765,sll0765
BAA10125.1,livG,sll0764
BAA10126.1,sll0763,sll0763
BAA10127.1,sll0762,sll0762
BAA10128.1,sll0761,sll0761
BAA10129.1,ycf38,sll0760
BAA10130.1,sll0759,sll0759
BAA10131.1,slr0779,slr0779
BAA10132.1,purF,sll0757
BAA10133.1,psbT,smr0001
BAA10134.1,slr0780,slr0780
BAA10135.1,sll0756,sll0756
BAA10136.1,sll0755,sll0755
BAA10137.1,sll0754,sll0754
BAA10138.1,ycf33,ssl1417
BAA10139.1,folD,sll0753
BAA10140.1,sll0752,sll0752
BAA10141.1,ycf22,sll0751
BAA10142.1,slr0782,slr0782
BAA10143.1,sarA,sll0750
BAA10144.1,sll0749,sll0749
BAA10145.1,tpi,slr0783
BAA10146.1,slr0784,slr0784
BAA10147.1,slr0341,slr0341
BAA10148.1,sll0325,sll0325
BAA10149.1,petB,slr0342
BAA10150.1,petD,slr0343
BAA10151.1,rfbW,slr0344
BAA10152.1,slr0345,slr0345
BAA10153.1,rnc,slr0346
BAA10154.1,hypF,sll0322
BAA10155.1,sll0321,sll0321
BAA10156.1,slr0347,slr0347
BAA10157.1,rnd,sll0320
BAA10158.1,sll0319,sll0319
BAA10159.1,slr0348,slr0348
BAA10160.1,sll0318,sll0318
BAA10161.1,slr0350,slr0350
BAA10162.1,slr0351,slr0351
BAA10163.1,sll0317,sll0317
BAA10164.1,slr0352,slr0352
BAA10165.1,sll0315,sll0315
BAA10166.1,slr0353,slr0353
BAA10167.1,sll0314,sll0314
BAA10168.1,slr0354,slr0354
BAA10169.1,rps21,ssl0601
BAA10170.1,slr0355,slr0355
BAA10171.1,slr0356,slr0356
BAA10172.1,sll0312,sll0312
BAA10173.1,hisS,slr0357
BAA10174.1,slr0358,slr0358
BAA10175.1,sll0310,sll0310
BAA10176.1,sll0309,sll0309
BAA10177.1,sll0024,sll0024
BAA10178.1,sll0023,sll0023
BAA10179.1,sll0022,sll0022
BAA10180.1,slr0001,slr0001
BAA10181.1,sll0021,sll0021
BAA10182.1,clpC,sll0020
BAA10183.1,sll0019,sll0019
BAA10184.1,cbbA,sll0018
BAA10185.1,hemL,sll0017
BAA10186.1,mltA,sll0016
BAA10187.1,slr0006,slr0006
BAA10188.1,slr0007,slr0007
BAA10189.1,ctpA,slr0008
BAA10190.1,rbcL,slr0009
BAA10191.1,rbcX,slr0011
BAA10192.1,rbcS,slr0012
BAA10193.1,slr0013,slr0013
BAA10194.1,mgtC,slr0014
BAA10195.1,sll0012,sll0012
BAA10196.1,lpxB,slr0015
BAA10197.1,petF,ssl0020
BAA10198.1,slr0016,slr0016
BAA10199.1,murZ,slr0017
BAA10200.1,fumC,slr0018
BAA10201.1,sll0010,sll0010
BAA10202.1,slr0019,slr0019
BAA10203.1,sll0008,sll0008
BAA10204.1,sll0007,sll0007
BAA10205.1,aspC,sll0006
BAA10206.1,sll0005,sll0005
BAA10207.1,recG,slr0020
BAA10208.1,sppA,slr0021
BAA10209.1,ponA,sll0002
BAA10210.1,guaA,slr0213
BAA10211.1,slr0214,slr0214
BAA10212.1,sll0210,sll0210
BAA10213.1,cobU,slr0216
BAA10214.1,slr0217,slr0217
BAA10215.1,ssr0349,ssr0349
BAA10216.1,sll0209,sll0209
BAA10217.1,sll0208,sll0208
BAA10218.1,rfbA,sll0207
BAA10219.1,glyS,slr0220
BAA10220.1,sll0205,sll0205
BAA10221.1,gidA,sll0204
BAA10223.1,gidA,sll0202
BAA10222.1,slr0222,slr0222
BAA10224.1,slr0224,slr0224
BAA10225.1,sll0201,sll0201
BAA10226.1,sll0200,sll0200
BAA10227.1,petE,sll0199
BAA10228.1,slr0226,slr0226
BAA10229.1,sll0198,sll0198
BAA10230.1,ftsH2,slr0228
BAA10231.1,sll0195,sll0195
BAA10232.1,ycf43,sll0194
BAA10233.1,mmsB,slr0229
BAA10234.1,slr0230,slr0230
BAA10235.1,slr0231,slr0231
BAA10236.1,sll0192,sll0192
BAA10237.1,slr0232,slr0232
BAA10238.1,trxM,slr0233
BAA10239.1,sll0191,sll0191
BAA10240.1,groEL-2,sll0416
BAA10241.1,sll0415,sll0415
BAA10242.1,sll0414,sll0414
BAA10243.1,slr0431,slr0431
BAA10244.1,ssl0788,ssl0788
BAA10245.1,ssl0787,ssl0787
BAA10246.1,sll0413,sll0413
BAA10247.1,sll0412,sll0412
BAA10248.1,sll0410,sll0410
BAA10249.1,sll0409,sll0409
BAA10250.1,sll0408,sll0408
BAA10251.1,efp,slr0434
BAA10252.1,accB,slr0435
BAA10253.1,ccmK,slr0436
BAA10254.1,sll0406,sll0406
BAA10255.1,sll0405,sll0405
BAA10256.1,glcD,sll0404
BAA10257.1,slr0438,slr0438
BAA10258.1,sll0403,sll0403
BAA10259.1,slr0439,slr0439
BAA10260.1,ssl0769,ssl0769
BAA10261.1,aspC,sll0402
BAA10262.1,gltA,sll0401
BAA10263.1,sll0400,sll0400
BAA10264.1,slr0440,slr0440
BAA10265.1,slr0049,slr0049
BAA10266.1,ycf40,ssr0102
BAA10267.1,slr0050,slr0050
BAA10268.1,sll0072,sll0072
BAA10269.1,sll0071,sll0071
BAA10270.1,purU,sll0070
BAA10271.1,icfA,slr0051
BAA10272.1,sll0069,sll0069
BAA10273.1,sll0068,sll0068
BAA10274.1,gst,sll0067
BAA10275.1,sll0066,sll0066
BAA10276.1,ilvN,sll0065
BAA10277.1,ssr0109,ssr0109
BAA10278.1,slr0053,slr0053
BAA10279.1,dgkA,slr0054
BAA10280.1,trpG,slr0055
BAA10281.1,chlG,slr0056
BAA10282.1,sll0064,sll0064
BAA10283.1,sll0063,sll0063
BAA10284.1,sll0062,sll0062
BAA10285.1,slr0058,slr0058
BAA10286.1,slr0059,slr0059
BAA10287.1,slr0060,slr0060
BAA10288.1,slr0061,slr0061
BAA10289.1,sll0060,sll0060
BAA10290.1,dnaK1,sll0058
BAA10291.1,grpE,sll0057
BAA10292.1,gspE,slr0063
BAA10293.1,slr0064,slr0064
BAA10294.1,slr0065,slr0065
BAA10295.1,ribG,slr0066
BAA10296.1,sll0055,sll0055
BAA10297.1,slr0067,slr0067
BAA10298.1,accC,sll0053
BAA10299.1,slr0069,slr0069
BAA10300.1,sll0051,sll0051
BAA10301.1,fmt,slr0070
BAA10302.1,natA,slr0467
BAA10303.1,slr0468,slr0468
BAA10304.1,rps4,slr0469
BAA10305.1,sll0462,sll0462
BAA10306.1,proA,sll0461
BAA10307.1,phy,slr0473
BAA10308.1,slr0474,slr0474
BAA10309.1,uvrB,sll0459
BAA10310.1,slr0476,slr0476
BAA10311.1,psbX,sml0002
BAA10312.1,purN,slr0477
BAA10313.1,slr0479,slr0479
BAA10314.1,ycf46,slr0480
BAA10315.1,slr0482,slr0482
BAA10316.1,slr0483,slr0483
BAA10317.1,slr0484,slr0484
BAA10318.1,slr0487,slr0487
BAA10319.1,slr0488,slr0488
BAA10320.1,slr0489,slr0489
BAA10321.1,slr0491,slr0491
BAA10322.1,menE,slr0492
BAA10323.1,rfbM,slr0493
BAA10324.1,sll0456,sll0456
BAA10325.1,thrA,sll0455
BAA10326.1,slr0495,slr0495
BAA10327.1,slr0496,slr0496
BAA10328.1,pheS,sll0454
BAA10329.1,sll0691,sll0691
BAA10330.1,vapC,sll0690
BAA10331.1,ssl1300,ssl1300
BAA10332.1,sll0689,sll0689
BAA10333.1,sll0688,sll0688
BAA10334.1,sll0687,sll0687
BAA10335.1,sll0686,sll0686
BAA10336.1,sll0685,sll0685
BAA10337.1,pstB1-pr,sll0684
BAA10338.1,pstB1,sll0683
BAA10339.1,pstA1,sll0682
BAA10340.1,pstC1,sll0681
BAA10341.1,pstS1,sll0680
BAA10342.1,sphX,sll0679
BAA10343.1,slr0719,slr0719
BAA10344.1,rps14,slr0628
BAA10345.1,im30,sll0617
BAA10346.1,slr0630,slr0630
BAA10347.1,secA,sll0616
BAA10348.1,sll0615,sll0615
BAA10349.1,sll0614,sll0614
BAA10350.1,ruvB,sll0613
BAA10351.1,thiG,slr0633
BAA10352.1,slr0634,slr0634
BAA10353.1,slr0635,slr0635
BAA10354.1,sll0611,sll0611
BAA10355.1,slr0636,slr0636
BAA10356.1,slr0637,slr0637
BAA10357.1,glyQ,slr0638
BAA10358.1,slr0639,slr0639
BAA10359.1,slr0640,slr0640
BAA10360.1,sll0609,sll0609
BAA10361.1,sll0608,sll0608
BAA10362.1,slr0642,slr0642
BAA10363.1,slr0643,slr0643
BAA10364.1,sll0606,sll0606
BAA10365.1,slr0644,slr0644
BAA10366.1,menD,sll0603
BAA10367.1,sll0602,sll0602
BAA10368.1,slr0645,slr0645
BAA10369.1,dacB,slr0646
BAA10370.1,sll0601,sll0601
BAA10371.1,metS,slr0649
BAA10372.1,slr0650,slr0650
BAA10373.1,dgt,sll0398
BAA10374.1,sll0397,sll0397
BAA10375.1,sll0396,sll0396
BAA10376.1,sll0395,sll0395
BAA10377.1,sll0394,sll0394
BAA10378.1,napA,slr0415
BAA10379.1,slr0416,slr0416
BAA10380.1,gyrA,slr0417
BAA10381.1,slr0418,slr0418
BAA10382.1,sll0385,sll0385
BAA10383.1,sll0384,sll0384
BAA10384.1,cbiM,sll0383
BAA10385.1,sll0382,sll0382
BAA10386.1,sll0381,sll0381
BAA10387.1,ssr0692,ssr0692
BAA10388.1,ssl0750,ssl0750
BAA10389.1,ssr0693,ssr0693
BAA10390.1,rfbW,sll0380
BAA10391.1,lpxA,sll0379
BAA10392.1,slr0420,slr0420
BAA10393.1,slr0421,slr0421
BAA10394.1,cysG,sll0378
BAA10395.1,mfd,sll0377
BAA10396.1,sll0376,sll0376
BAA10397.1,rlpA,slr0423
BAA10398.1,braG or livF,sll0374
BAA10399.1,proA,sll0373
BAA10400.1,sll0372,sll0372
BAA10401.1,ssl0738,ssl0738
BAA10402.1,sll0371,sll0371
BAA10403.1,carB,sll0370
BAA10404.1,sll0369,sll0369
BAA10405.1,pyrR,sll0368
BAA10406.1,folE,slr0426
BAA10407.1,slr0427,slr0427
BAA10408.1,sll0189,sll0189
BAA10409.1,sll0188,sll0188
BAA10410.1,lytB,slr0191
BAA10411.1,slr0192,slr0192
BAA10412.1,slr0193,slr0193
BAA10413.1,rpiA,slr0194
BAA10414.1,slr0195,slr0195
BAA10415.1,slr0196,slr0196
BAA10416.1,slr0197,slr0197
BAA10417.1,sll0185,sll0185
BAA10418.1,slr0199,slr0199
BAA10419.1,sigC,sll0184
BAA10420.1,hdrB,slr0201
BAA10421.1,ssl0353,ssl0353
BAA10422.1,sll0183,sll0183
BAA10423.1,ssl0352,ssl0352
BAA10424.1,sll0182,sll0182
BAA10425.1,sll0181,sll0181
BAA10426.1,ssl0350,ssl0350
BAA10427.1,sll0180,sll0180
BAA10428.1,slr0204,slr0204
BAA10429.1,gltX,sll0179
BAA10430.1,slr0207,slr0207
BAA10431.1,slr0208,slr0208
BAA10432.1,ftrV,ssr0330
BAA10433.1,slr0209,slr0209
BAA10434.1,slr0210,slr0210
BAA10435.1,ssr0332,ssr0332
BAA10436.1,slr0211,slr0211
BAA10437.1,ssl0331,ssl0331
BAA10438.1,metH,slr0212
BAA10439.1,ssr0336,ssr0336
BAA10440.1,sll0178,sll0178
BAA10441.1,sll0888,sll0888
BAA10442.1,ssr1513,ssr1513
BAA10443.1,sll0887,sll0887
BAA10444.1,sll0886,sll0886
BAA10445.1,slr0895,slr0895
BAA10446.1,slr0896,slr0896
BAA10447.1,slr0897,slr0897
BAA10448.1,nirA,slr0898
BAA10449.1,cynS,slr0899
BAA10450.1,moeA,slr0900
BAA10451.1,moaA,slr0901
BAA10452.1,moaC,slr0902
BAA10453.1,ssr1527,ssr1527
BAA10454.1,moaE,slr0903
BAA10455.1,ssr1528,ssr1528
BAA10456.1,slr0904,slr0904
BAA10457.1,bchE,slr0905
BAA10458.1,psbB,slr0906
BAA10459.1,slr0907,slr0907
BAA10460.1,slr0909,slr0909
BAA10461.1,slr0912,slr0912
BAA10462.1,slr0913,slr0913
BAA10463.1,slr0914,slr0914
BAA10464.1,slr0915,slr0915
BAA10465.1,bioF,slr0917
BAA10466.1,map%2C pepM,slr0918
BAA10467.1,slr0919,slr0919
BAA10468.1,slr0920,slr0920
BAA10469.1,panD,sll0892
BAA10470.1,citH,sll0891
BAA10471.1,ssl1690,ssl1690
BAA10472.1,slr0921,slr0921
BAA10473.1,pth,slr0922
BAA10474.1,slr0923,slr0923
BAA10475.1,slr0924,slr0924
BAA10476.1,natB,slr0559
BAA10477.1,sll0556,sll0556
BAA10478.1,map,sll0555
BAA10479.1,ftrC,sll0554
BAA10480.1,sll0553,sll0553
BAA10481.1,sll0552,sll0552
BAA10482.1,slr0565,slr0565
BAA10483.1,sll0550,sll0550
BAA10484.1,sll0549,sll0549
BAA10485.1,slr0569,slr0569
BAA10486.1,sll0547,sll0547
BAA10487.1,sll0546,sll0546
BAA10488.1,sll0545,sll0545
BAA10489.1,sll0544,sll0544
BAA10490.1,slr0572,slr0572
BAA10491.1,sll0543,sll0543
BAA10492.1,ssl1046,ssl1046
BAA10493.1,slr0573,slr0573
BAA10494.1,sgl0001,sgl0001
BAA10495.1,ssl1045,ssl1045
BAA10496.1,cyp,slr0574
BAA10497.1,slr0575,slr0575
BAA10498.1,acs,sll0542
BAA10499.1,slr0579,slr0579
BAA10500.1,desC(des9),sll0541
BAA10501.1,slr0580,slr0580
BAA10502.1,slr0581,slr0581
BAA10503.1,slr0582,slr0582
BAA10504.1,sll0540,sll0540
BAA10505.1,sll0539,sll0539
BAA10506.1,slr0583,slr0583
BAA10507.1,slr0825,slr0825
BAA10508.1,rpl33,ssr1398
BAA10509.1,rps18,ssr1399
BAA10510.1,alr,slr0827
BAA10511.1,slr0829,slr0829
BAA10512.1,sll0834,sll0834
BAA10513.1,sll0833,sll0833
BAA10514.1,sll0832,sll0832
BAA10515.1,ssr1407,ssr1407
BAA10516.1,dnaB,slr0833
BAA10517.1,moxR,slr0835
BAA10518.1,rfbB,slr0836
BAA10519.1,ssl1552,ssl1552
BAA10520.1,fus,sll0830
BAA10521.1,purM,slr0838
BAA10522.1,rapQ,sll0829
BAA10523.1,hemH,slr0839
BAA10524.1,nylA,sll0828
BAA10525.1,sll0827,sll0827
BAA10526.1,slr0841,slr0841
BAA10527.1,slr0842,slr0842
BAA10528.1,pcnB,sll0825
BAA10529.1,ycf34,ssr1425
BAA10530.1,ndhF1,slr0844
BAA10531.1,ssl1533,ssl1533
BAA10532.1,slr0845,slr0845
BAA10533.1,sdhB,sll0823
BAA10534.1,sll0822,sll0822
BAA10535.1,slr0846,slr0846
BAA10536.1,sll0821,sll0821
BAA10537.1,kdtB,slr0847
BAA10538.1,slr0848,slr0848
BAA10539.1,gidB,slr0072
BAA10540.1,slr0073,slr0073
BAA10541.1,sll0088,sll0088
BAA10542.1,ycf24,slr0074
BAA10543.1,ycf16,slr0075
BAA10544.1,slr0076,slr0076
BAA10545.1,nifS,slr0077
BAA10546.1,sll0086,sll0086
BAA10547.1,sll0085,sll0085
BAA10548.1,hisB,sll0084
BAA10549.1,gmhA,sll0083
BAA10550.1,slr0078,slr0078
BAA10551.1,gspE,slr0079
BAA10552.1,sll0082,sll0082
BAA10553.1,rnhA,slr0080
BAA10554.1,slr0081,slr0081
BAA10555.1,slr0082,slr0082
BAA10556.1,deaD,slr0083
BAA10557.1,argC,sll0080
BAA10558.1,hisH,slr0084
BAA10559.1,thrS,sll0078
BAA10560.1,slr0086,slr0086
BAA10561.1,crtO,slr0088
BAA10562.1,erg6,slr0089
BAA10563.1,ppd,slr0090
BAA10564.1,slr0091,slr0091
BAA10565.1,slr0092,slr0092
BAA10566.1,dnaJ,slr0093
BAA10567.1,slr0095,slr0095
BAA10568.1,slr0096,slr0096
BAA10569.1,slr0498,slr0498
BAA10570.1,sll0489,sll0489
BAA10571.1,hisB,slr0500
BAA10572.1,sll0488,sll0488
BAA10573.1,sll0487,sll0487
BAA10574.1,sll0486,sll0486
BAA10575.1,sll0485,sll0485
BAA10576.1,sll0484,sll0484
BAA10577.1,cobW,slr0502
BAA10578.1,slr0503,slr0503
BAA10579.1,slr0505,slr0505
BAA10580.1,pcr,slr0506
BAA10581.1,sll0482,sll0482
BAA10582.1,sll0481,sll0481
BAA10583.1,sll0480,sll0480
BAA10584.1,slr0509,slr0509
BAA10585.1,slr0510,slr0510
BAA10586.1,ssr0871,ssr0871
BAA10587.1,slr0511,slr0511
BAA10588.1,sll0479,sll0479
BAA10589.1,sll0478,sll0478
BAA10590.1,sll0477,sll0477
BAA10591.1,slr0513,slr0513
BAA10592.1,slr0514,slr0514
BAA10593.1,slr0516,slr0516
BAA10594.1,sll0474,sll0474
BAA10595.1,sll0473,sll0473
BAA10596.1,slr0517,slr0517
BAA10597.1,abfB,slr0518
BAA10598.1,slr0519,slr0519
BAA10599.1,purL,slr0520
BAA10600.1,slr0521,slr0521
BAA10601.1,slr0522,slr0522
BAA10602.1,sll0471,sll0471
BAA10603.1,sll0470,sll0470
BAA10604.1,prsA,sll0469
BAA10605.1,slr0523,slr0523
BAA10606.1,queA,sll0467
BAA10607.1,sll0597,sll0597
BAA10608.1,sll0596,sll0596
BAA10609.1,sll0595,sll0595
BAA10610.1,sll0594,sll0594
BAA10611.1,glk,sll0593
BAA10612.1,slr0615,slr0615
BAA10613.1,slr0616,slr0616
BAA10614.1,ssr1038,ssr1038
BAA10615.1,slr0617,slr0617
BAA10616.1,sll0590,sll0590
BAA10617.1,cbiP,slr0618
BAA10618.1,slr0619,slr0619
BAA10619.1,ssr1041,ssr1041
BAA10620.1,sll0588,sll0588
BAA10621.1,pyk1,sll0587
BAA10622.1,sll0586,sll0586
BAA10623.1,trxA,slr0623
BAA10624.1,sll0585,sll0585
BAA10625.1,ycf36,sll0584
BAA10626.1,slr0624,slr0624
BAA10627.1,slr0625,slr0625
BAA10628.1,aroH,sll0109
BAA10629.1,slr0626,slr0626
BAA10630.1,slr0099,slr0099
BAA10631.1,amt1,sll0108
BAA10632.1,eda,sll0107
BAA10633.1,slr0103,slr0103
BAA10634.1,slr0104,slr0104
BAA10635.1,sll0103,sll0103
BAA10636.1,sll0102,sll0102
BAA10637.1,slr0105,slr0105
BAA10638.1,slr0106,slr0106
BAA10639.1,sll0101,sll0101
BAA10640.1,ama,sll0100
BAA10641.1,cbiE,sll0099
BAA10642.1,sll0098,sll0098
BAA10643.1,slr0108,slr0108
BAA10644.1,slr0109,slr0109
BAA10645.1,sll0096,sll0096
BAA10646.1,sll0095,sll0095
BAA10647.1,sll0094,sll0094
BAA10648.1,slr0110,slr0110
BAA10649.1,slr0111,slr0111
BAA10650.1,slr0112,slr0112
BAA10651.1,slr0114,slr0114
BAA10652.1,slr0115,slr0115
BAA10653.1,slr0116,slr0116
BAA10654.1,ssl0172,ssl0172
BAA10655.1,sll0092,sll0092
BAA10656.1,thiC,slr0118
BAA10657.1,brkB,slr0119
BAA10658.1,slr0120,slr0120
BAA10659.1,slr0121,slr0121
BAA10660.1,ppk,sll0290
BAA10661.1,minE,ssl0546
BAA10662.1,minD,sll0289
BAA10664.2,minC,sll0288
BAA10665.1,fraH,slr0298
BAA10666.1,slr0299,slr0299
BAA10667.1,slr0300,slr0300
BAA10668.1,ppsA,slr0301
BAA10669.1,slr0302,slr0302
BAA10670.1,slr0303,slr0303
BAA10671.1,slr0304,slr0304
BAA10672.1,slr0305,slr0305
BAA10673.1,slr0306,slr0306
BAA10674.1,sll0286,sll0286
BAA10675.1,sll0284,sll0284
BAA10676.1,sll0283,sll0283
BAA10677.1,slr0309,slr0309
BAA10678.1,sll0282,sll0282
BAA10679.1,sll0281,sll0281
BAA10680.1,sll0280,sll0280
BAA10681.1,slr0311,slr0311
BAA10682.1,slr0312,slr0312
BAA10683.1,slr0313,slr0313
BAA10684.1,slr0314,slr0314
BAA10685.1,slr0315,slr0315
BAA10686.1,slr0316,slr0316
BAA10687.1,slr0317,slr0317
BAA10688.1,slr0318,slr0318
BAA10689.1,blaOXA-3,slr0319
BAA10690.1,ssl0511,ssl0511
BAA10691.1,map,slr0786
BAA10692.1,sll0800,sll0800
BAA10693.1,slr0787,slr0787
BAA10694.1,slr0788,slr0788
BAA10695.1,slr0789,slr0789
BAA10696.1,umuC,slr0790
BAA10697.1,sll0798,sll0798
BAA10698.1,sll0797,sll0797
BAA10699.1,slr0793,slr0793
BAA10700.1,slr0794,slr0794
BAA10701.1,slr0795,slr0795
BAA10702.1,nreB,slr0796
BAA10703.1,merR,sll0794
BAA10704.1,slr0797,slr0797
BAA10705.1,sll0793,sll0793
BAA10706.1,smtB,sll0792
BAA10707.1,slr0798,slr0798
BAA10708.1,sll0790,sll0790
BAA10709.1,sll0789,sll0789
BAA10710.1,sll0788,sll0788
BAA10711.1,slr0799,slr0799
BAA10712.1,slr0800,slr0800
BAA10713.1,ssl1464,ssl1464
BAA10714.1,sll0787,sll0787
BAA10715.1,sll0786,sll0786
BAA10716.1,sll0785,sll0785
BAA10717.1,merR,sll0784
BAA10718.1,sll0783,sll0783
BAA10719.1,slr0801,slr0801
BAA10720.1,sll0782,sll0782
BAA10721.1,sll0781,sll0781
BAA10722.1,sll0780,sll0780
BAA10723.1,sll0779,sll0779
BAA10724.1,sll0778,sll0778
BAA10725.1,sll0777,sll0777
BAA10726.1,pknA,sll0776
BAA10727.1,sll0775,sll0775
BAA10728.1,ESI3,ssr1169
BAA10729.1,slr0697,slr0697
BAA10730.1,slr0698,slr0698
BAA10731.1,slr0699,slr0699
BAA10732.1,slr0700,slr0700
BAA10733.1,merR,slr0701
BAA10734.1,slr0702,slr0702
BAA10735.1,sll0678,sll0678
BAA10736.1,sll0677,sll0677
BAA10737.1,ssl1277,ssl1277
BAA10738.1,sll0676,sll0676
BAA10739.1,ssr1175,ssr1175
BAA10740.1,slr0703,slr0703
BAA10741.1,smr0002,smr0002
BAA10742.1,slr0704,slr0704
BAA10743.1,ssr1176,ssr1176
BAA10744.1,sll0672,sll0672
BAA10745.1,sll0671,sll0671
BAA10746.1,sll0670,sll0670
BAA10747.1,sll0669,sll0669
BAA10748.1,polA,slr0707
BAA10749.1,slr0708,slr0708
BAA10750.1,sll0668,sll0668
BAA10751.1,sll0667,sll0667
BAA10752.1,sll0666,sll0666
BAA10753.1,sll0665,sll0665
BAA10754.1,sll0664,sll0664
BAA10755.1,slr0709,slr0709
BAA10756.1,gdhA,slr0710
BAA10757.1,slr0711,slr0711
BAA10758.1,slr0712,slr0712
BAA10759.1,sll0662,sll0662
BAA10760.1,ycf35,sll0661
BAA10761.1,ssl1263,ssl1263
BAA10762.1,pdxA,sll0660
BAA10763.1,petM,smr0003
BAA10764.1,tgt,slr0713
BAA10765.1,sll0659,sll0659
BAA10766.1,sll0658,sll0658
BAA10767.1,ssl1255,ssl1255
BAA10768.1,mraY,sll0657
BAA10769.1,slr0765,slr0765
BAA10770.1,pfkA,sll0745
BAA10771.1,sll0744,sll0744
BAA10772.1,sll0743,sll0743
BAA10773.1,sll0742,sll0742
BAA10774.1,nifJ,sll0741
BAA10775.1,sll0740,sll0740
BAA10776.1,sll0739,sll0739
BAA10777.1,modA,sll0738
BAA10778.1,sll0737,sll0737
BAA10779.1,sll0048,sll0048
BAA10780.1,sll0047,sll0047
BAA10781.1,slr0022,slr0022
BAA10782.1,sps,sll0045
BAA10783.1,slr0023,slr0023
BAA10784.1,sll0044,sll0044
BAA10785.1,sll0043,sll0043
BAA10786.1,tar,sll0042
BAA10787.2,sll0041,sll0041
BAA10788.1,sll0040,sll0040
BAA10789.1,sll0039,sll0039
BAA10790.1,sll0038,sll0038
BAA10791.1,slr0031,slr0031
BAA10792.1,ilvE,slr0032
BAA10793.1,slr0033,slr0033
BAA10794.1,sll0037,sll0037
BAA10795.1,sll0036,sll0036
BAA10796.1,aspC,slr0036
BAA10797.1,sll0034,sll0034
BAA10798.1,sll0033,sll0033
BAA10799.1,sll0031,sll0031
BAA10800.1,slr0038,slr0038
BAA10801.1,slr0039,slr0039
BAA10802.1,cmpR,sll0030
BAA10803.1,cmpA,slr0040
BAA10804.1,cmpB,slr0041
BAA10805.1,slr0042,slr0042
BAA10806.1,nrtC,slr0043
BAA10807.1,nrtD,slr0044
BAA10808.1,ndhD4,sll0027
BAA10809.1,ndhF4,sll0026
BAA10810.1,sll0518,sll0518
BAA10811.1,rbpA,sll0517
BAA10812.1,chlM,slr0525
BAA10813.1,panB,slr0526
BAA10814.1,exsB,slr0527
BAA10815.1,murE,slr0528
BAA10816.1,sll0514,sll0514
BAA10817.1,slr0529,slr0529
BAA10818.1,slr0530,slr0530
BAA10819.1,slr0531,slr0531
BAA10820.1,sll0513,sll0513
BAA10821.1,slr0533,slr0533
BAA10822.1,slt,slr0534
BAA10823.1,slr0535,slr0535
BAA10824.1,hemE,slr0536
BAA10825.1,sll0509,sll0509
BAA10826.1,sll0508,sll0508
BAA10827.1,slr0537,slr0537
BAA10828.1,sll0507,sll0507
BAA10829.1,sll0506,sll0506
BAA10830.1,sll0505,sll0505
BAA10831.1,lysA,sll0504
BAA10832.1,sll0503,sll0503
BAA10833.1,argS,sll0502
BAA10834.1,sll0501,sll0501
BAA10835.1,slr0541,slr0541
BAA10836.1,clpP,slr0542
BAA10837.1,trpB,slr0543
BAA10838.1,sll0499,sll0499
BAA10839.1,slr0544,slr0544
BAA10840.1,sll0498,sll0498
BAA10841.1,sll0497,sll0497
BAA10842.1,slr0545,slr0545
BAA10843.1,sll0496,sll0496
BAA10844.1,asnS,sll0495
BAA10845.1,sll0494,sll0494
BAA10846.1,sll0493,sll0493
BAA10847.1,argF,sll0902
BAA10848.1,purE,sll0901
BAA10849.1,ssb,slr0925
BAA10850.1,ubiA,slr0926
BAA10851.1,psbD2,slr0927
BAA10852.1,slr0929,slr0929
BAA10853.1,slr0930,slr0930
BAA10854.1,ssr1558,ssr1558
BAA10855.1,hisG,sll0900
BAA10856.1,glmU,sll0899
BAA10857.1,ssr1562,ssr1562
BAA10858.1,sll0898,sll0898
BAA10859.1,ssl1707,ssl1707
BAA10860.1,dnaJ1,sll0897
BAA10861.1,sll0896,sll0896
BAA10862.1,cysQ,sll0895
BAA10863.1,trpC,slr0546
BAA10864.1,amt3,sll0537
BAA10865.1,sll0536,sll0536
BAA10866.1,clpX,sll0535
BAA10867.1,clpP,sll0534
BAA10868.1,tig,sll0533
BAA10869.1,asd,slr0549
BAA10870.1,dapA,slr0550
BAA10871.1,slr0551,slr0551
BAA10872.1,slr0552,slr0552
BAA10873.1,slr0553,slr0553
BAA10874.1,slr0554,slr0554
BAA10875.1,sll0529,sll0529
BAA10876.1,sll0528,sll0528
BAA10877.1,slr0556,slr0556
BAA10878.1,sll0525,sll0525
BAA10879.1,ssl1004,ssl1004
BAA10880.1,sll0524,sll0524
BAA10881.1,valS,slr0557
BAA10882.1,ndhE,sll0522
BAA10883.1,ndhG,sll0521
BAA10884.1,ndhI,sll0520
BAA10885.1,ndhA,sll0519
BAA18627.2,pyrD,slr1418
BAA18628.1,slr1419,slr1419
BAA18629.1,slr1420,slr1420
BAA18630.1,slr1421,slr1421
BAA18631.1,sll1344,sll1344
BAA18632.1,ape2,sll1343
BAA18633.1,gap2,sll1342
BAA18634.1,murC,slr1423
BAA18635.1,slr1424,slr1424
BAA18636.1,slr1425,slr1425
BAA18637.1,bfr,sll1341
BAA18638.1,sll1340,sll1340
BAA18639.1,recR,slr1426
BAA18640.1,sll1338,sll1338
BAA18641.1,sll1336,sll1336
BAA18642.1,slr1428,slr1428
BAA18643.1,sll1334,sll1334
BAA18644.1,slr1429,slr1429
BAA18645.1,sll1333,sll1333
BAA18646.1,slr1431,slr1431
BAA18647.1,sll1330,sll1330
BAA18648.1,sll1329,sll1329
BAA18649.1,slr1451,slr1451
BAA18650.1,sll1367,sll1367
BAA18651.1,sbpA,slr1452
BAA18652.1,ssr2439,ssr2439
BAA18653.1,cysT,slr1453
BAA18654.1,cysW,slr1454
BAA18655.1,cysA,slr1455
BAA18656.1,slr1456,slr1456
BAA18657.1,chrA,slr1457
BAA18658.1,apcF,slr1459
BAA18659.1,sll1366,sll1366
BAA18660.1,slr1461,slr1461
BAA18661.1,sll1365,sll1365
BAA18662.1,slr1462,slr1462
BAA18663.1,fus,slr1463
BAA18664.1,slr1464,slr1464
BAA18665.1,ssl2667,ssl2667
BAA18666.1,ilvC,sll1363
BAA18667.1,slr0651,slr0651
BAA18668.1,hisA,slr0652
BAA18669.1,nadB,sll0631
BAA18670.1,sll0630,sll0630
BAA18671.1,psaK,sll0629
BAA18672.1,rpoDI,slr0653
BAA18673.1,slr0654,slr0654
BAA18674.1,slr0655,slr0655
BAA18675.1,slr0656,slr0656
BAA18676.1,lysC,slr0657
BAA18677.1,slr0658,slr0658
BAA18678.1,prlC,slr0659
BAA18679.1,proC,slr0661
BAA18680.1,lim17,sll0626
BAA18681.1,sll0625,sll0625
BAA18682.1,sll0624,sll0624
BAA18683.1,speA,slr0662
BAA18684.1,sll0623,sll0623
BAA18685.1,nadA,sll0622
BAA18686.1,dsbD,sll0621
BAA18687.1,ssr1114,ssr1114
BAA18688.1,slr0664,slr0664
BAA18689.1,slr0665,slr0665
BAA18690.1,slr0666,slr0666
BAA18691.1,slr0667,slr0667
BAA18692.1,slr0668,slr0668
BAA18693.1,gltB,sll1499
BAA18694.1,ddh,slr1556
BAA18695.1,carA,sll1498
BAA18696.1,slr1557,slr1557
BAA18697.1,sll1496,sll1496
BAA18698.1,sll1495,sll1495
BAA18699.1,aroE,slr1559
BAA18700.1,hisS,slr1560
BAA18701.1,grxC,slr1562
BAA18702.1,slr1563,slr1563
BAA18703.1,rpoF,slr1564
BAA18704.1,slr1565,slr1565
BAA18705.1,slr1566,slr1566
BAA18706.1,sll1491,sll1491
BAA18707.1,slr1567,slr1567
BAA18708.1,slr1568,slr1568
BAA18709.1,sll1489,sll1489
BAA18710.1,sll1488,sll1488
BAA18711.1,slr1570,slr1570
BAA18712.1,slr1571,slr1571
BAA18713.1,slr1572,slr1572
BAA18714.1,slr1573,slr1573
BAA18715.1,ssl2874,ssl2874
BAA18716.1,slr1575,slr1575
BAA18717.1,slr1576,slr1576
BAA18718.1,slr1577,slr1577
BAA18719.1,slr1579,slr1579
BAA18720.1,sll1486,sll1486
BAA18721.1,sll1485,sll1485
BAA18722.1,ndbC,sll1484
BAA18723.1,sll1483,sll1483
BAA18724.1,sll1482,sll1482
BAA18725.1,sll1481,sll1481
BAA18726.1,devB,sll1479
BAA18727.1,sll1477,sll1477
BAA18728.1,sll1476,sll1476
BAA18729.1,slr1583,slr1583
BAA18730.1,sll1475,sll1475
BAA18731.1,sll1474,sll1474
BAA18732.1,sll1473,sll1473
BAA18733.1,sll1472,sll1472
BAA18734.1,cpcG,sll1471
BAA18735.1,slr1584,slr1584
BAA18736.1,slr1585,slr1585
BAA18737.1,slr1586,slr1586
BAA18738.1,leuC,sll1470
BAA18739.1,slr1588,slr1588
BAA18740.1,stpA,slr0746
BAA18741.1,ggtA,slr0747
BAA18742.1,sll0736,sll0736
BAA18743.1,sll0735,sll0735
BAA18744.1,slr0748,slr0748
BAA18745.1,chlL,slr0749
BAA18746.1,chlN,slr0750
BAA18747.1,sll0733,sll0733
BAA18748.1,slr0751,slr0751
BAA18749.1,eno,slr0752
BAA18750.1,sll0732,sll0732
BAA18751.1,p,slr0753
BAA18752.1,ssl1378,ssl1378
BAA18753.1,sll0729,sll0729
BAA18754.1,accA,sll0728
BAA18755.1,ssr1256,ssr1256
BAA18756.1,slr0755,slr0755
BAA18757.1,ssr1258,ssr1258
BAA18758.1,sll0727,sll0727
BAA18759.1,pgm,sll0726
BAA18760.1,slr0756,slr0756
BAA18761.1,slr0757,slr0757
BAA18762.1,slr0758,slr0758
BAA18763.1,sll0723,sll0723
BAA18764.1,sll0722,sll0722
BAA18765.1,sll0721,sll0721
BAA18766.1,sll0720,sll0720
BAA18767.1,sll1552,sll1552
BAA18768.1,hlyB,slr1651
BAA18769.1,slr1652,slr1652
BAA18770.1,ama,slr1653
BAA18771.1,sll1550,sll1550
BAA18772.1,sll1549,sll1549
BAA18773.1,psaL,slr1655
BAA18774.1,psaI,smr0004
BAA18775.1,murG,slr1656
BAA18776.1,slr1657,slr1657
BAA18777.1,slr1658,slr1658
BAA18778.1,slr1659,slr1659
BAA18779.1,slr1660,slr1660
BAA18780.1,sll1547,sll1547
BAA18781.1,ppx,sll1546
BAA18782.1,slr1661,slr1661
BAA18783.1,gst1,sll1545
BAA18784.1,slr1664,slr1664
BAA18785.1,dapF,slr1665
BAA18786.1,degT,slr1666
BAA18787.1,ssr2781,ssr2781
BAA18788.1,sll1544,sll1544
BAA18789.1,sll1543,sll1543
BAA18790.1,slr1667,slr1667
BAA18791.1,slr1668,slr1668
BAA18792.1,ssr2786,ssr2786
BAA18793.1,sll1542,sll1542
BAA18794.1,sll0451,sll0451
BAA18795.1,norB,sll0450
BAA18796.1,slr0449,slr0449
BAA18797.1,sll0449,sll0449
BAA18798.1,sll0448,sll0448
BAA18799.1,sll0447,sll0447
BAA18800.1,sll0446,sll0446
BAA18801.1,sll0445,sll0445
BAA18802.1,sll0444,sll0444
BAA18803.1,sll0443,sll0443
BAA18804.1,ski2,slr0451
BAA18805.1,sll0442,sll0442
BAA18806.1,sll0441,sll0441
BAA18807.1,ilvD,slr0452
BAA18808.1,slr0453,slr0453
BAA18809.1,ssl0832,ssl0832
BAA18810.1,sll0436,sll0436
BAA18811.1,slr0454,slr0454
BAA18812.1,slr0455,slr0455
BAA18813.1,slr0456,slr0456
BAA18814.1,truB,slr0457
BAA18815.1,slr0458,slr0458
BAA18816.1,slr0459,slr0459
BAA18817.1,slr0460,slr0460
BAA18818.1,sll0431,sll0431
BAA18819.1,ssr0817,ssr0817
BAA18820.1,slr0462,slr0462
BAA18821.1,htpG,sll0430
BAA18822.1,agp,slr1176
BAA18823.1,slr1177,slr1177
BAA18824.1,slr1178,slr1178
BAA18825.1,slr1179,slr1179
BAA18826.1,prfA,sll1110
BAA18827.1,sll1109,sll1109
BAA18828.1,sll1108,sll1108
BAA18829.1,psbA1,slr1181
BAA18830.1,slr1182,slr1182
BAA18831.1,slr1183,slr1183
BAA18832.1,slr1184,slr1184
BAA18833.1,petC,slr1185
BAA18834.1,slr1186,slr1186
BAA18835.1,slr1187,slr1187
BAA18836.1,im30,slr1188
BAA18837.1,slr1189,slr1189
BAA18838.1,sll1107,sll1107
BAA18839.1,sll1106,sll1106
BAA18840.1,slr1192,slr1192
BAA18841.1,argG,slr0585
BAA18842.1,slr0586,slr0586
BAA18843.1,slr0587,slr0587
BAA18844.1,purK,sll0578
BAA18845.1,sll0577,sll0577
BAA18846.1,slr0588,slr0588
BAA18847.1,slr0589,slr0589
BAA18848.1,slr0590,slr0590
BAA18849.1,sll0576,sll0576
BAA18850.1,rfbB,sll0575
BAA18851.1,rfbA,sll0574
BAA18852.1,slr0591,slr0591
BAA18853.1,arcC,sll0573
BAA18854.1,sll0572,sll0572
BAA18855.1,slr0592,slr0592
BAA18856.1,slr0593,slr0593
BAA18857.1,recA,sll0569
BAA18858.1,slr0594,slr0594
BAA18859.1,fur,sll0567
BAA18860.1,slr0596,slr0596
BAA18861.1,purH,slr0597
BAA18862.1,sll0565,sll0565
BAA18863.1,sll0564,sll0564
BAA18864.1,slr0598,slr0598
BAA18865.1,slr0599,slr0599
BAA18866.1,slr0600,slr0600
BAA18867.1,slr0601,slr0601
BAA18868.1,slr0602,slr0602
BAA18869.1,sll0563,sll0563
BAA18870.1,DnaE-n,slr0603
BAA18871.1,lepA,slr0604
BAA18872.1,slr0605,slr0605
BAA18873.1,slr0606,slr0606
BAA18874.1,slr0607,slr0607
BAA18875.1,hisI,slr0608
BAA18876.1,slr0609,slr0609
BAA18877.1,slr0610,slr0610
BAA16579.2,sds,slr0611
BAD01903.1,sll7001,sll7001
BAD01904.1,sll7002,sll7002
BAD01905.1,sll7003,sll7003
BAD01906.1,ssl7004,ssl7004
BAD01907.1,slr7005,slr7005
BAD01908.1,sll7006,sll7006
BAD01909.1,ssl7007,ssl7007
BAD01910.1,slr7008,slr7008
BAD01911.1,sll7009,sll7009
BAD01912.1,slr7010,slr7010
BAD01913.1,slr7011,slr7011
BAD01914.1,slr7012,slr7012
BAD01915.1,slr7013,slr7013
BAD01916.1,slr7014,slr7014
BAD01917.1,slr7015,slr7015
BAD01918.1,slr7016,slr7016
BAD01919.1,ssr7017,ssr7017
BAD01920.1,ssr7018,ssr7018
BAD01921.1,ssl7019,ssl7019
BAD01922.1,ssl7020,ssl7020
BAD01923.1,ssl7021,ssl7021
BAD01924.1,ssl7022,ssl7022
BAD01925.1,slr7023,slr7023
BAD01926.1,slr7024,slr7024
BAD01927.1,slr7025,slr7025
BAD01928.1,slr7026,slr7026
BAD01929.1,sll7027,sll7027
BAD01930.1,sll7028,sll7028
BAD01931.1,sll7029,sll7029
BAD01932.1,sll7030,sll7030
BAD01933.1,sll7031,sll7031
BAD01934.1,slr7032,slr7032
BAD01935.1,sll7033,sll7033
BAD01936.1,sll7034,sll7034
BAD01937.1,ssr7035,ssr7035
BAD01938.1,ssr7036,ssr7036
BAD01939.1,slr7037,slr7037
BAD01940.1,ssl7038,ssl7038
BAD01941.1,ssl7039,ssl7039
BAD01942.1,ssr7040,ssr7040
BAD01943.1,slr7041,slr7041
BAD01944.1,ssl7042,ssl7042
BAD01945.1,sll7043,sll7043
BAD01946.1,sll7044,sll7044
BAD01947.1,ssl7045,ssl7045
BAD01948.1,ssl7046,ssl7046
BAD01949.1,sll7047,sll7047
BAD01950.1,ssl7048,ssl7048
BAD01951.1,slr7049,slr7049
BAD01952.1,sll7050,sll7050
BAD01953.1,ssl7051,ssl7051
BAD01954.1,slr7052,slr7052
BAD01955.1,ssl7053,ssl7053
BAD01956.1,slr7054,slr7054
BAD01957.1,sll7055,sll7055
BAD01958.1,sll7056,sll7056
BAD01959.1,slr7057,slr7057
BAD01960.1,slr7058,slr7058
BAD01961.1,slr7059,slr7059
BAD01962.1,slr7060,slr7060
BAD01963.1,slr7061,slr7061
BAD01964.1,sll7062,sll7062
BAD01965.1,sll7063,sll7063
BAD01966.1,sll7064,sll7064
BAD01967.1,sll7065,sll7065
BAD01968.1,sll7066,sll7066
BAD01969.1,sll7067,sll7067
BAD01970.1,slr7068,slr7068
BAD01971.1,sll7069,sll7069
BAD01972.1,sll7070,sll7070
BAD01973.1,slr7071,slr7071
BAD01974.1,ssr7072,ssr7072
BAD01975.1,slr7073,slr7073
BAD01976.1,ssl7074,ssl7074
BAD01977.1,sll7075,sll7075
BAD01978.1,slr7076,slr7076
BAD01979.1,sll7077,sll7077
BAD01980.1,sll7078,sll7078
BAD01981.1,ssr7079,ssr7079
BAD01982.1,slr7080,slr7080
BAD01983.1,slr7081,slr7081
BAD01984.1,slr7082,slr7082
BAD01985.1,slr7083,slr7083
BAD01986.1,ssr7084,ssr7084
BAD01987.1,sll7085,sll7085
BAD01988.1,sll7086,sll7086
BAD01989.1,sll7087,sll7087
BAD01990.1,slr7088,slr7088
BAD01991.1,sll7089,sll7089
BAD01992.1,sll7090,sll7090
BAD01993.1,slr7091,slr7091
BAD01994.1,slr7092,slr7092
BAD01995.1,ssr7093,ssr7093
BAD01996.1,slr7094,slr7094
BAD01997.1,slr7095,slr7095
BAD01998.1,slr7096,slr7096
BAD01999.1,slr7097,slr7097
BAD02000.1,slr7098,slr7098
BAD02001.1,slr7099,slr7099
BAD02002.1,slr7100,slr7100
BAD02003.1,slr7101,slr7101
BAD02004.1,slr7102,slr7102
BAD02005.1,sll7103,sll7103
BAD02006.1,slr7104,slr7104
BAD02007.1,slr7105,slr7105
BAD02008.1,sll7106,sll7106
BAD02009.1,sll8001,sll8001
BAD02010.1,sll8002,sll8002
BAD02011.1,ssl8003,ssl8003
BAD02012.1,sll8004,sll8004
BAD02013.1,ssl8005,ssl8005
BAD02014.1,sll8006,sll8006
BAD02015.1,sll8007,sll8007
BAD02016.1,ssl8008,ssl8008
BAD02017.1,sll8009,sll8009
BAD02018.1,ssl8010,ssl8010
BAD02019.1,sll8011,sll8011
BAD02020.1,sll8012,sll8012
BAD02021.1,ssr8013,ssr8013
BAD02022.1,slr8014,slr8014
BAD02023.1,slr8015,slr8015
BAD02024.1,slr8016,slr8016
BAD02025.1,sll8017,sll8017
BAD02026.1,sll8018,sll8018
BAD02027.1,sll8019,sll8019
BAD02028.1,sll8020,sll8020
BAD02029.1,slr8021,slr8021
BAD02030.1,slr8022,slr8022
BAD02031.1,slr8023,slr8023
BAD02032.1,ssl8024,ssl8024
BAD02033.1,sll8025,sll8025
BAD02034.1,slr8026,slr8026
BAD02035.1,sll8027,sll8027
BAD02036.1,ssl8028,ssl8028
BAD02037.1,slr8029,slr8029
BAD02038.1,slr8030,slr8030
BAD02039.1,ndhK2,sll8031
BAD02040.1,sll8032,sll8032
BAD02041.1,sll8033,sll8033
BAD02042.1,sll8034,sll8034
BAD02043.1,sll8035,sll8035
BAD02044.1,slr8036,slr8036
BAD02045.1,slr8037,slr8037
BAD02046.1,slr8038,slr8038
BAD02047.1,ssl8039,ssl8039
BAD02048.1,sll8040,sll8040
BAD02049.1,ssl8041,ssl8041
BAD02050.1,sll8042,sll8042
BAD02051.1,sll8043,sll8043
BAD02052.1,slr8044,slr8044
BAD02053.1,slr8045,slr8045
BAD02054.1,slr8046,slr8046
BAD02055.1,ssr8047,ssr8047
BAD02056.1,sll8048,sll8048
BAD02057.1,sll8049,sll8049
BAD01771.1,ssl5001,ssl5001
BAD01772.1,sll5002,sll5002
BAD01773.1,sll5003,sll5003
BAD01774.1,sll5004,sll5004
BAD01775.1,slr5005,slr5005
BAD01776.1,sll5006,sll5006
BAD01777.1,ssl5007,ssl5007
BAD01778.1,ssl5008,ssl5008
BAD01779.1,ssr5009,ssr5009
BAD01780.1,slr5010,slr5010
BAD01781.1,ssr5011,ssr5011
BAD01782.1,slr5012,slr5012
BAD01783.1,slr5013,slr5013
BAD01784.1,sll5014,sll5014
BAD01785.1,ssl5015,ssl5015
BAD01786.1,slr5016,slr5016
BAD01787.1,slr5017,slr5017
BAD01788.1,slr5018,slr5018
BAD01789.1,ssr5019,ssr5019
BAD01790.1,ssr5020,ssr5020
BAD01791.1,slr5021,slr5021
BAD01792.1,slr5022,slr5022
BAD01793.1,slr5023,slr5023
BAD01794.1,slr5024,slr5024
BAD01795.1,ssl5025,ssl5025
BAD01796.1,sll5026,sll5026
BAD01797.1,ssl5027,ssl5027
BAD01798.1,sll5028,sll5028
BAD01799.1,slr5029,slr5029
BAD01800.1,sll5030,sll5030
BAD01801.1,ssl5031,ssl5031
BAD01802.1,sll5032,sll5032
BAD01803.1,sll5033,sll5033
BAD01804.1,sll5034,sll5034
BAD01805.1,sll5035,sll5035
BAD01806.1,sll5036,sll5036
BAD01807.1,slr5037,slr5037
BAD01808.1,slr5038,slr5038
BAD01809.1,ssl5039,ssl5039
BAD01810.1,slr5040,slr5040
BAD01811.1,sll5041,sll5041
BAD01812.1,sll5042,sll5042
BAD01813.1,sll5043,sll5043
BAD01814.1,sll5044,sll5044
BAD01815.1,ssl5045,ssl5045
BAD01816.1,sll5046,sll5046
BAD01817.1,sll5047,sll5047
BAD01818.1,sll5048,sll5048
BAD01819.1,sll5049,sll5049
BAD01820.1,sll5050,sll5050
BAD01821.1,slr5051,slr5051
BAD01822.1,sll5052,sll5052
BAD01823.1,slr5053,slr5053
BAD01824.1,slr5054,slr5054
BAD01825.1,slr5055,slr5055
BAD01826.1,slr5056,slr5056
BAD01827.1,sll5057,sll5057
BAD01828.1,slr5058,slr5058
BAD01829.1,sll5059,sll5059
BAD01830.1,sll5060,sll5060
BAD01831.1,sll5061,sll5061
BAD01832.1,sll5062,sll5062
BAD01833.1,sll5063,sll5063
BAD01834.1,ssl5064,ssl5064
BAD01835.1,ssl5065,ssl5065
BAD01836.1,sll5066,sll5066
BAD01837.1,sll5067,sll5067
BAD01838.1,ssl5068,ssl5068
BAD01839.1,sll5069,sll5069
BAD01840.1,ssl5070,ssl5070
BAD01841.1,slr5071,slr5071
BAD01842.1,sll5072,sll5072
BAD01843.1,slr5073,slr5073
BAD01844.1,ssr5074,ssr5074
BAD01845.1,sll5075,sll5075
BAD01846.1,sll5076,sll5076
BAD01847.1,slr5077,slr5077
BAD01848.1,slr5078,slr5078
BAD01849.1,sll5079,sll5079
BAD01850.1,sll5080,sll5080
BAD01851.1,sll5081,sll5081
BAD01852.1,slr5082,slr5082
BAD01853.1,sll5083,sll5083
BAD01854.1,sll5084,sll5084
BAD01855.1,slr5085,slr5085
BAD01856.1,sll5086,sll5086
BAD01857.1,slr5087,slr5087
BAD01858.1,slr5088,slr5088
BAD01859.1,sll5089,sll5089
BAD01860.1,sll5090,sll5090
BAD01861.1,ssl5091,ssl5091
BAD01862.1,ssr5092,ssr5092
BAD01863.1,slr5093,slr5093
BAD01864.1,sll5094,sll5094
BAD01865.1,ssl5095,ssl5095
BAD01866.1,ssl5096,ssl5096
BAD01867.1,sll5097,sll5097
BAD01868.1,ssl5098,ssl5098
BAD01869.1,ssl5099,ssl5099
BAD01870.1,ssl5100,ssl5100
BAD01871.1,slr5101,slr5101
BAD01872.1,slr5102,slr5102
BAD01873.1,ssl5103,ssl5103
BAD01874.1,sll5104,sll5104
BAD01875.1,slr5105,slr5105
BAD01876.1,ssr5106,ssr5106
BAD01877.1,sll5107,sll5107
BAD01878.1,ssl5108,ssl5108
BAD01879.1,sll5109,sll5109
BAD01880.1,slr5110,slr5110
BAD01881.1,slr5111,slr5111
BAD01882.1,slr5112,slr5112
BAD01883.1,ssl5113,ssl5113
BAD01884.1,ssl5114,ssl5114
BAD01885.1,slr5115,slr5115
BAD01886.1,slr5116,slr5116
BAD01887.1,ssr5117,ssr5117
BAD01888.1,slr5118,slr5118
BAD01889.1,slr5119,slr5119
BAD01890.1,ssr5120,ssr5120
BAD01891.1,ssr5121,ssr5121
BAD01892.1,sll5122,sll5122
BAD01893.1,sll5123,sll5123
BAD01894.1,slr5124,slr5124
BAD01895.1,ssl5125,ssl5125
BAD01896.1,slr5126,slr5126
BAD01897.1,slr5127,slr5127
BAD01898.1,sll5128,sll5128
BAD01899.1,ssl5129,ssl5129
BAD01900.1,sll5130,sll5130
BAD01901.1,sll5131,sll5131
BAD01902.1,sll5132,sll5132
BAD02058.1,slr6001,slr6001
BAD02059.1,ssr6002,ssr6002
BAD02060.1,ssr6003,ssr6003
BAD02061.1,slr6004,slr6004
BAD02062.1,slr6005,slr6005
BAD02063.1,slr6006,slr6006
BAD02064.1,slr6007,slr6007
BAD02065.1,slr6008,slr6008
BAD02066.1,slr6009,slr6009
BAD02067.1,sll6010,sll6010
BAD02068.1,slr6011,slr6011
BAD02069.1,slr6012,slr6012
BAD02070.1,slr6013,slr6013
BAD02071.1,slr6014,slr6014
BAD02072.1,slr6015,slr6015
BAD02073.1,slr6016,slr6016
BAD02074.1,sll6017,sll6017
BAD02075.1,ssl6018,ssl6018
BAD02076.1,ssr6019,ssr6019
BAD02077.1,ssr6020,ssr6020
BAD02078.1,slr6021,slr6021
BAD02079.1,slr6022,slr6022
BAD02080.1,ssl6023,ssl6023
BAD02081.1,ssr6024,ssr6024
BAD02082.1,slr6025,slr6025
BAD02083.1,ssr6026,ssr6026
BAD02084.1,ssr6027,ssr6027
BAD02085.1,slr6028,slr6028
BAD02086.1,slr6029,slr6029
BAD02087.1,ssr6030,ssr6030
BAD02088.1,slr6031,slr6031
BAD02089.1,ssr6032,ssr6032
BAD02090.1,slr6033,slr6033
BAD02091.1,slr6034,slr6034
BAD02092.1,ssl6035,ssl6035
BAD02093.1,sll6036,sll6036
BAD02094.1,slr6037,slr6037
BAD02095.1,slr6038,slr6038
BAD02096.1,slr6039,slr6039
BAD02097.1,slr6040,slr6040
BAD02098.1,slr6041,slr6041
BAD02099.1,slr6042,slr6042
BAD02100.1,slr6043,slr6043
BAD02101.1,slr6044,slr6044
BAD02102.1,slr6045,slr6045
BAD02103.1,ssr6046,ssr6046
BAD02104.1,slr6047,slr6047
BAD02105.1,ssr6048,ssr6048
BAD02106.1,slr6049,slr6049
BAD02107.1,slr6050,slr6050
BAD02108.1,slr6051,slr6051
BAD02109.1,sll6052,sll6052
BAD02110.1,sll6053,sll6053
BAD02111.1,sll6054,sll6054
BAD02112.1,sll6055,sll6055
BAD02113.1,slr6056,slr6056
BAD02114.1,slr6057,slr6057
BAD02115.1,slr6058,slr6058
BAD02116.1,sll6059,sll6059
BAD02117.1,sll6060,sll6060
BAD02118.1,ssl6061,ssl6061
BAD02119.1,ssr6062,ssr6062
BAD02120.1,slr6063,slr6063
BAD02121.1,slr6064,slr6064
BAD02122.1,slr6065,slr6065
BAD02123.1,slr6066,slr6066
BAD02124.1,slr6067,slr6067
BAD02125.1,slr6068,slr6068
BAD02126.1,sll6069,sll6069
BAD02127.1,slr6070,slr6070
BAD02128.1,slr6071,slr6071
BAD02129.1,slr6072,slr6072
BAD02130.1,slr6073,slr6073
BAD02131.1,slr6074,slr6074
BAD02132.1,slr6075,slr6075
BAD02133.1,sll6076,sll6076
BAD02134.1,ssl6077,ssl6077
BAD02135.1,ssr6078,ssr6078
BAD02136.1,ssr6079,ssr6079
BAD02137.1,slr6080,slr6080
BAD02138.1,slr6081,slr6081
BAD02139.1,ssl6082,ssl6082
BAD02140.1,ssr6083,ssr6083
BAD02141.1,slr6084,slr6084
BAD02142.1,ssr6085,ssr6085
BAD02143.1,ssr6086,ssr6086
BAD02144.1,slr6087,slr6087
BAD02145.1,slr6088,slr6088
BAD02146.1,ssr6089,ssr6089
BAD02147.1,slr6090,slr6090
BAD02148.1,slr6091,slr6091
BAD02149.1,ssl6092,ssl6092
BAD02150.1,sll6093,sll6093
BAD02151.1,slr6094,slr6094
BAD02152.1,slr6095,slr6095
BAD02153.1,slr6096,slr6096
BAD02154.1,slr6097,slr6097
BAD02155.1,sll6098,sll6098
BAD02156.1,ssr6099,ssr6099
BAD02157.1,slr6100,slr6100
BAD02158.1,slr6101,slr6101
BAD02159.1,slr6102,slr6102
BAD02160.1,slr6103,slr6103
BAD02161.1,slr6104,slr6104
BAD02162.1,slr6105,slr6105
BAD02163.1,slr6106,slr6106
BAD02164.1,slr6107,slr6107
BAD02165.1,slr6108,slr6108
BAD02166.1,sll6109,sll6109
BAD02167.1,slr6110,slr6110
